,Time,User,Tweet
0,2022-03-25 16:17:09+00:00,IBM,"@_ITGeeK Great work, Kevin! ğŸ‘"
1,2022-03-25 15:55:41+00:00,IBM,@Ayobami_A96 Terrific work! ğŸ‘
2,2022-03-25 15:54:15+00:00,IBM,"@MarioRosas Great work, Mario. Keep learning! ğŸ’¡"
3,2022-03-25 12:30:31+00:00,IBM,"@HarryYeriso Awesome work, Yeriso! ğŸ’ª https://t.co/rG31KsiXcG"
4,2022-03-25 12:06:14+00:00,IBM,@ksaipas Congratulations on your achievementğŸ‘ https://t.co/XPRe7dlxuE
5,2022-03-25 09:03:19+00:00,IBM,"@sebalvsantos Way to go, SebastiÃ£o ğŸ‘ https://t.co/NDjvFdhiOK"
6,2022-03-25 07:03:52+00:00,IBM,"@jigbharti998 Congratulations on your achievement, Jigyasa ğŸ‘ https://t.co/rWK4SJJOyj"
7,2022-03-24 21:14:06+00:00,IBM,"@PatriciaAAO Awesome work, Patricia! ğŸ’ª"
8,2022-03-24 17:53:55+00:00,IBM,Matchup 8:
9,2022-03-24 17:53:05+00:00,IBM,Matchup 7:
10,2022-03-24 17:52:43+00:00,IBM,Matchup 6:
11,2022-03-24 17:52:21+00:00,IBM,Matchup 5:
12,2022-03-24 17:52:00+00:00,IBM,Matchup 4:
13,2022-03-24 17:51:42+00:00,IBM,Matchup 3:
14,2022-03-24 17:51:15+00:00,IBM,Matchup 2:
15,2022-03-24 17:50:52+00:00,IBM,Matchup 1:
16,2022-03-24 17:50:20+00:00,IBM,"The first round of the Gamechanger Games isnâ€™t over yet!

Make your voice heard by voting for what you believe are some of the most groundbreaking medical and societal innovations in history. Letâ€™s get to it! ğŸ‘‡ğŸ½ https://t.co/WR9BKWjpCK"
17,2022-03-24 16:14:02+00:00,IBM,"@BitnerBill Wishing you all the best, Bill! What an incredible career. ğŸ’™"
18,2022-03-24 15:21:57+00:00,IBM,"@logopida Thanks for reaching out, Logoped. We're sorry to hear that you're having trouble with this. Please visit this page for support: https://t.co/MQvKy0QveX"
19,2022-03-24 14:36:40+00:00,IBM,"@kirwaKO Congrats, Imran! Well done! ğŸ‘"
20,2022-03-24 13:42:36+00:00,IBM,"ğŸ”¬ğŸ“ğŸ–¥ï¸

Careers in STEM can shape the future. For #WomensHistoryMonth, IBM Chief Data Scientist Gabriela de Queiroz shares an idea to get more women interested in the industry. https://t.co/vvqYkvha8r"
21,2022-03-24 07:03:40+00:00,IBM,"@teja_rubio Awesome work, Jose! ğŸ’ª https://t.co/56vpMtIPXf"
22,2022-03-24 06:00:36+00:00,IBM,"@AntonioniMarco Awesome work, Marco! ğŸ’ª https://t.co/7taouH408S"
23,2022-03-23 20:24:57+00:00,IBM,"@carolinabigblue Hope you enjoyed your birthday, Michael! ğŸ’™"
24,2022-03-23 20:12:53+00:00,IBM,"@mtaimoorhas Hi Muhammad -- To address a specific concern with your account, please contact our Accounting services team. You can use the live chat at https://t.co/FrrmrTdhaf (bottom-right of the page, the blue button saying â€œLetâ€™s talkâ€) or send an email to: verify@us.ibm.com"
25,2022-03-23 20:09:10+00:00,IBM,@jakordmediatv Great job! ğŸ™Œ
26,2022-03-23 17:28:13+00:00,IBM,Matchup 8:
27,2022-03-23 17:28:13+00:00,IBM,Matchup 7:
28,2022-03-23 17:28:12+00:00,IBM,Matchup 6:
29,2022-03-23 17:28:12+00:00,IBM,Matchup 5:
30,2022-03-23 17:28:11+00:00,IBM,Matchup 4:
31,2022-03-23 17:28:11+00:00,IBM,Matchup 3:
32,2022-03-23 17:28:10+00:00,IBM,Matchup 2:
33,2022-03-23 17:28:09+00:00,IBM,Matchup 1:
34,2022-03-23 17:28:08+00:00,IBM,"Todayâ€™s matchups in the Gamechanger Games focus on improvements to everyday life.

What changed the game more: the Hoodie or the Compact Disc? Sliced Bread or Chat Rooms? You tell us! Cast your votes below. â¬‡ï¸ https://t.co/AkcMKvKaun"
35,2022-03-23 16:25:52+00:00,IBM,RT @IBMNews: IBM and @ATT - partners of over 20 years - have announced plans to help businesses across all industries innovate and tackle câ€¦
36,2022-03-23 15:43:03+00:00,IBM,"@carlostic26 Awesome work, Carlos! ğŸ’ª"
37,2022-03-23 15:28:33+00:00,IBM,@175ashu Thank you for reaching out and apologies for this error. We will fix this on our end.
38,2022-03-23 13:49:29+00:00,IBM,@Chathurya333 Awesome work! ğŸ’ª
39,2022-03-23 11:20:34+00:00,IBM,"@BT4u2c Great to see, Bryan. Keep learning! ğŸ’¡ https://t.co/Nd4nCfSstf"
40,2022-03-23 07:40:15+00:00,IBM,"@breyna10 Awesome work, Bernardo! ğŸ’ª https://t.co/81luw3NNeB"
41,2022-03-23 07:17:20+00:00,IBM,"@kholy Keep up the great work, Mohamed! ğŸ™Œ https://t.co/Kp2VQf0MYu"
42,2022-03-23 04:04:51+00:00,IBM,"@alberzenon Awesome work, Alberto! ğŸ’ª"
43,2022-03-23 02:04:27+00:00,IBM,"@christacoryell Awesome work, Christa! ğŸ’ª"
44,2022-03-22 21:04:48+00:00,IBM,"@breyna10 That's great to see, Bernardo! https://t.co/k6BKdQTxmo"
45,2022-03-22 19:35:03+00:00,IBM,"@ElijahAdejimi Great job, Elijah! ğŸ‘"
46,2022-03-22 17:41:14+00:00,IBM,Matchup 8:
47,2022-03-22 17:41:14+00:00,IBM,Matchup 7:
48,2022-03-22 17:41:13+00:00,IBM,Matchup 6:
49,2022-03-22 17:41:13+00:00,IBM,Matchup 5:
50,2022-03-22 17:41:12+00:00,IBM,Matchup 4:
51,2022-03-22 17:41:12+00:00,IBM,Matchup 3:
52,2022-03-22 17:41:11+00:00,IBM,Matchup 2:
53,2022-03-22 17:41:11+00:00,IBM,Matchup 1:
54,2022-03-22 17:41:09+00:00,IBM,"As an all-time leader in patents, IBM knows innovation.

Welcome to the Gamechanger Games, where 64 of history's most impactful innovations will go head-to-head for the title of Ultimate Gamechanger. Letâ€™s begin with the Tech region! Cast your votes below.â¬‡ï¸ https://t.co/Ch5ZaYi521"
55,2022-03-22 17:26:08+00:00,IBM,"@metwalyaly Congrats, Metwaly! Excellent work. ğŸ‘"
56,2022-03-22 17:24:45+00:00,IBM,"@altfuns Well done, Poncho! ğŸ‘"
57,2022-03-22 17:20:27+00:00,IBM,"@tizzleflixx Nicely done, Paul! ğŸ‘"
58,2022-03-22 14:35:04+00:00,IBM,"@evergreen_tarun Congrats, Tarun! Keep learning! ğŸ’¡"
59,2022-03-22 13:50:14+00:00,IBM,"AI + cloud + IoT = clean drinking waterğŸš°

As the 2021 Call for Code Global Challenge winner, Saaf Water is providing communities with the data needed to make safe decisions about H20 purification and consumption. Learn more this #WorldWaterDay ğŸ’§ https://t.co/SDFu9XebCH https://t.co/V5NnZfYx2p"
60,2022-03-22 13:48:08+00:00,IBM,"@forbesmankofi Way to go, Kofi! ğŸ‘"
61,2022-03-22 07:02:30+00:00,IBM,@jaganjaggu07 Congratulations on your achievementğŸ‘ https://t.co/MMadV3LoYE
62,2022-03-22 05:07:13+00:00,IBM,@Marketechnologa Way to goğŸ‘ https://t.co/PGmPTO3kLw
63,2022-03-21 20:11:33+00:00,IBM,"@SDegrace Terrific work, Starrlee! ğŸ‘"
64,2022-03-21 17:13:55+00:00,IBM,"@HelenMitres Congrats, Helen! Great work. ğŸ‘"
65,2022-03-21 17:08:50+00:00,IBM,@zainab_ekiye Excellent work! ğŸ‘
66,2022-03-21 17:07:38+00:00,IBM,"@Tinneminy Well done, Kavita. Keep learning! ğŸ’¡"
67,2022-03-21 10:31:20+00:00,IBM,@SarankumarJeya1 Way to go ğŸ‘ https://t.co/QXMgnnFIos
68,2022-03-21 08:30:41+00:00,IBM,"@Gamme_Us Congratulations on your achievement, Gemechu ğŸ‘ https://t.co/38Ohy8Nrs8"
69,2022-03-21 04:21:22+00:00,IBM,"@duttaroy_saion Awesome work, Saion! ğŸ’ª"
70,2022-03-21 03:21:43+00:00,IBM,"@RafaEntarch Great job, Rafael! ğŸ™Œ"
71,2022-03-20 10:17:36+00:00,IBM,"@Ozrozyrt Congratulations on your achievement, Ozer ğŸ‘ https://t.co/x351Por9BX"
72,2022-03-20 03:14:27+00:00,IBM,"@tharindu_kusal @IBMDeveloper @IBMIoT @IBMcloud @CognitiveClass Great job, Kusal! ğŸ‘"
73,2022-03-20 03:11:19+00:00,IBM,"@maheshparadkar Great job, Mahesh! ğŸ™Œ"
74,2022-03-20 01:09:07+00:00,IBM,"@BT4u2c Great job, Bryan! ğŸ™Œ"
75,2022-03-19 23:40:12+00:00,IBM,"@forbesmankofi Awesome work, Kofi!ğŸ’ª"
76,2022-03-19 10:13:03+00:00,IBM,@GaneshK16094529 Awesome work! ğŸ’ª https://t.co/zXZ9sX61jC
77,2022-03-19 09:19:20+00:00,IBM,"@zelvaio Awesome work, Zelva! ğŸ’ª https://t.co/cI0N1uiMJb"
78,2022-03-19 08:24:54+00:00,IBM,"@kushalpathak Keep up the great work, Dr. Kushal! ğŸ™Œ https://t.co/WXfn59QzRe"
79,2022-03-18 22:16:10+00:00,IBM,"@breyna10 Way to go, Bernardo! ğŸ‘ğŸ‘ğŸ‘"
80,2022-03-18 20:09:59+00:00,IBM,"@jrgcampuzano Great to see, Lawrence. Keep learning! ğŸ’¡"
81,2022-03-18 14:09:24+00:00,IBM,"@abrahamzetz Awesome work, Abraham! ğŸ’ª"
82,2022-03-18 14:08:10+00:00,IBM,"@realMikeBrew Great job, Mike! ğŸ™Œ"
83,2022-03-18 11:36:11+00:00,IBM,"@HenryKochDE Great to see, Henry. Keep learning! ğŸ’¡ https://t.co/hesBlMZT9U"
84,2022-03-18 09:48:40+00:00,IBM,@hackerwhale Keep up the great work! ğŸ™Œ https://t.co/zJU2ijbqnF
85,2022-03-18 09:33:48+00:00,IBM,"@teja_rubio Great to see, Jose. Keep learning! ğŸ’¡ https://t.co/fk8PJA5JMk"
86,2022-03-18 01:11:28+00:00,IBM,"@PauloPi27238243 Great job, Paulo! ğŸ™Œ"
87,2022-03-17 21:25:36+00:00,IBM,@Titus52188294 Great job! ğŸ™Œ
88,2022-03-17 15:34:57+00:00,IBM,"@johannesbambang Congrats, Johannes! Great work. ğŸ‘"
89,2022-03-17 13:52:25+00:00,IBM,"@Huxley_D We get a lot of nostalgia too. ğŸ’™ Thanks for sharing, Huxley!"
90,2022-03-17 13:33:14+00:00,IBM,@Dave_Silver1 We're honored to have had your mom as an employee. A forever IBMer! ğŸ’™
91,2022-03-17 10:02:55+00:00,IBM,"@teja_rubio Great job, Jose! ğŸ’™ https://t.co/C8bHZhX9GR"
92,2022-03-17 09:21:37+00:00,IBM,"@PieroStanco1 Great job, Piero! ğŸ’™ https://t.co/8EPU9vRIbr"
93,2022-03-17 07:18:08+00:00,IBM,"@suhasvjoshi1 Great job, Suhas! ğŸ™Œ https://t.co/bYr2xiZFx4"
94,2022-03-16 20:24:17+00:00,IBM,"@AngelRivasPazos Congrats, Angel! Great work. ğŸ‘"
95,2022-03-16 19:24:05+00:00,IBM,@zyonxdesigner Well done! ğŸ‘
96,2022-03-16 16:27:06+00:00,IBM,"@bvaithy Great job, Bala! ğŸ‘"
97,2022-03-16 15:12:47+00:00,IBM,"@roshinifer333 Awesome job, Roshini! ğŸ™Œ"
98,2022-03-16 14:53:14+00:00,IBM,"@Deepthi35170466 Hello, we are sorry you experienced this. Please send a message to ibmrecruitment@in.ibm.com for assistance, they will get back to you as soon as possible."
99,2022-03-16 14:35:43+00:00,IBM,"@SDegrace Well done, Starrlee. Keep learning! ğŸ’¡"
100,2022-03-15 19:12:23+00:00,IBM,"@abrahamzetz Way to go, Abraham! ğŸ‘"
101,2022-03-15 18:31:04+00:00,IBM,"@OscarHerrera Congrats, Oscar! Excellent work. ğŸ‘"
102,2022-03-15 16:34:10+00:00,IBM,"@johannesbambang Well done, Johannes. Keep learning! ğŸ’¡"
103,2022-03-15 14:37:29+00:00,IBM,@letterite1 Thank you for sharing. We will look into this internally.
104,2022-03-15 13:53:41+00:00,IBM,"This #WomensHistoryMonth, weâ€™re spotlighting Milena Pribic, an IBMer responsible for helping shape the future of ethical AI. 

Discover where she gets her creative inspiration. âœ¨ https://t.co/zRQWR8krjH"
105,2022-03-15 00:05:02+00:00,IBM,"@KheriMonks Great job, Kheri! ğŸ™Œ"
106,2022-03-14 22:06:46+00:00,IBM,"@John_Watkin5 Way to go, John! ğŸ‘ğŸ‘ğŸ‘"
107,2022-03-14 20:33:00+00:00,IBM,"@JanttuLindroos Congratulations, Janttu! ğŸ‘ï¸ğŸâ“‚ï¸"
108,2022-03-14 16:54:59+00:00,IBM,RT @IBMNews: IBM is proud to be named one of @FastCompany's Most Innovative Companies of 2022. Thank you to all IBMers for your commitmentâ€¦
109,2022-03-14 16:20:42+00:00,IBM,"@precioustone25 Congrats, Chiamaka! Great work. ğŸ‘"
110,2022-03-14 16:15:43+00:00,IBM,"@LuisBalan15 Way to go, Luis! ğŸ‘"
111,2022-03-14 16:14:42+00:00,IBM,"@DannieGodigna Well done, Daniel. Keep learning! ğŸ’¡"
112,2022-03-14 14:43:21+00:00,IBM,@iMarginSaaS ğŸ’™ ğŸ’™ ğŸ’™
113,2022-03-14 08:38:28+00:00,IBM,"@Ozrozyrt Way to go, Ozer ğŸ‘ https://t.co/q8IdF0PNwg"
114,2022-03-14 08:37:57+00:00,IBM,"@roberto_pozzi Congratulations on your achievement, Roberto ğŸ‘ https://t.co/qqTmPc0uUC"
115,2022-03-14 04:03:33+00:00,IBM,"@JDMastachi Keep up the great work, Juan! ğŸ™Œ"
116,2022-03-13 11:13:23+00:00,IBM,"@JrGuina Way to go, Aguinaldo! ğŸ‘ğŸ‘ğŸ‘ https://t.co/taoUZi0R31"
117,2022-03-13 05:46:58+00:00,IBM,"@Sathish_asjs Great job, Sathish! ğŸ™Œ"
118,2022-03-12 23:09:14+00:00,IBM,"@Zelalem45035497 Awesome work, Zelalem! ğŸ’ª"
119,2022-03-12 15:58:37+00:00,IBM,@S2DAR Great to see. Keep learning! ğŸ’¡
120,2022-03-12 13:13:32+00:00,IBM,"@techieSkBehera Great job, Saroj! ğŸ™Œ https://t.co/IqC6xjIi6M"
121,2022-03-12 11:19:44+00:00,IBM,@ThaPrinceReigns Awesome work! ğŸ’ª https://t.co/GIvfygLg64
122,2022-03-12 09:49:50+00:00,IBM,"@Vishwamoorthy24 Great job, Vishwamoorthy! ğŸ™Œ https://t.co/hbTk3tz1o5"
123,2022-03-12 01:08:27+00:00,IBM,"@BT4u2c Way to go, Bryan! ğŸ‘ğŸ‘ğŸ‘"
124,2022-03-11 21:15:04+00:00,IBM,@alagba_onile Well done! ğŸ™Œ
125,2022-03-11 21:14:17+00:00,IBM,@ksaipas Way to go! ğŸ‘
126,2022-03-11 16:04:30+00:00,IBM,@PrettyDerived We'd agree. ğŸ˜
127,2022-03-11 14:18:42+00:00,IBM,"@Chathurya333 Well done, Chathurya! ğŸ™Œ"
128,2022-03-11 13:11:19+00:00,IBM,"@EmilKotrc Congratulations on your achievement, Emil ğŸ‘ https://t.co/gsVnWWmk23"
129,2022-03-11 12:08:52+00:00,IBM,"@qTSVmG61T2wh7Ff Way to go, Ğ¡ĞµÑ€Ğ³ĞµĞ¹ ğŸ‘ https://t.co/6762zKMXWy"
130,2022-03-11 12:08:18+00:00,IBM,"@robsxdesign Congratulations on your achievement, Robin ğŸ‘ https://t.co/lr62BVZdML"
131,2022-03-10 22:17:46+00:00,IBM,"@hansgut_martin Keep up the great work, Martin! ğŸ™Œ"
132,2022-03-10 11:46:53+00:00,IBM,"@NeiSoliman Congratulations on your achievement, Neimat ğŸ‘ https://t.co/EG8mSjnpLW"
133,2022-03-10 04:07:55+00:00,IBM,"@adenusi_cece Great to see, Adenusi. Keep learning! ğŸ’¡"
134,2022-03-10 00:28:52+00:00,IBM,"@nkarthikeyan4u Great to see, Karthikeyan. Keep learning! ğŸ’¡"
135,2022-03-10 00:26:12+00:00,IBM,"@Tinneminy Awesome work, Kavita! ğŸ’ª"
136,2022-03-09 20:48:39+00:00,IBM,"@miskirsoll Way to go, Miskir! ğŸ‘ğŸ‘ğŸ‘"
137,2022-03-09 16:11:42+00:00,IBM,@AndyYouens Awesome work! ğŸ’ª
138,2022-03-09 16:06:31+00:00,IBM,"@FehmiTee Awesome work, Roshini! ğŸ’ª"
139,2022-03-09 16:04:45+00:00,IBM,"@SDegrace Great job, Starrlee! ğŸ™Œ"
140,2022-03-09 13:38:11+00:00,IBM,"@OAderoba Way to go, Olugbenga ğŸ‘ https://t.co/cBL1Y5vaPL"
141,2022-03-08 23:24:50+00:00,IBM,"@RYDEV77 Great job, Richard! ğŸ™Œ"
142,2022-03-08 22:21:56+00:00,IBM,"@LaubeBrian Keep up the great work, Brian! ğŸ™Œ"
143,2022-03-08 21:43:10+00:00,IBM,"@Aminebentekaya Terrific work, Amine! ğŸ‘"
144,2022-03-08 20:53:26+00:00,IBM,"@435353Mirza Way to go, Hassan! ğŸ‘"
145,2022-03-08 17:23:45+00:00,IBM,"ğŸ‘©ğŸ»â€ğŸ’»ğŸ§‘ğŸ¾â€ğŸ’¼ğŸ‘©ğŸ¼â€ğŸ”¬

In celebration of #InternationalWomensDay, take a look at some of the timeless contributions and technological advancements developed by women of IBM. â¬‡ï¸ https://t.co/zZvbuDdUXH"
146,2022-03-08 17:18:04+00:00,IBM,"@abohinc Well done, Andres. Keep learning! ğŸ’¡"
147,2022-03-08 13:29:40+00:00,IBM,IBMâ€™s 2021 Annual Report is now available. Read the Chairmanâ€™s Letter here: https://t.co/ECLzC4ZR35 https://t.co/kqSh2yMQkZ
148,2022-03-08 09:04:58+00:00,IBM,"@gemmix7 Way to go, Gemma ğŸ‘ https://t.co/Xwoi0f1uT9"
149,2022-03-07 21:59:14+00:00,IBM,"@imenselmi13 Great work, Imen. Keep learning! ğŸ’¡"
150,2022-03-07 21:58:03+00:00,IBM,@cecedoesstuff Excellent work! ğŸ‘
151,2022-03-07 21:57:28+00:00,IBM,@Ugerpaul17 Awesome job! ğŸ‘
152,2022-03-07 20:04:37+00:00,IBM,"@jpazmx Great work, Jorge! ğŸ‘"
153,2022-03-07 20:03:18+00:00,IBM,"@danielgonsan Congrats, Daniel! Well done! ğŸ‘"
154,2022-03-07 17:33:01+00:00,IBM,"@optigas Well done, Gustavo. Keep up the great work! ğŸ‘"
155,2022-03-07 17:30:28+00:00,IBM,@abrahamzetz Great work! Keep learning! ğŸ’¡
156,2022-03-07 17:29:11+00:00,IBM,"@adattaprolifics Way to go, Arup! ğŸ‘"
157,2022-03-07 17:27:53+00:00,IBM,@aljassariq Excellent work! ğŸ‘
158,2022-03-07 16:23:00+00:00,IBM,"@Tariq282528 Hello, thank you for your message. We are sorry to hear about your experience. We will look into this matter internally."
159,2022-03-07 16:04:54+00:00,IBM,"@Smitha1233 Hi, please forward any information you have to ibmrecruitment@in.ibm.com to report this fraudulent action."
160,2022-03-07 12:25:28+00:00,IBM,"@BrentonHancock_ Way to go, Brenton ğŸ‘ https://t.co/ofar9kLoXi"
161,2022-03-07 00:06:12+00:00,IBM,"@BT4u2c Awesome work, Bryan! ğŸ’ª"
162,2022-03-05 15:02:28+00:00,IBM,"@VidyasagarMSC Way to go, Vidyasagar! ğŸ‘ğŸ‘ğŸ‘ https://t.co/2mviRnA436"
163,2022-03-05 13:42:55+00:00,IBM,"@Jason21307657 Way to go, Jason ğŸ‘ https://t.co/aMzeuiscKQ"
164,2022-03-05 11:05:56+00:00,IBM,@ELANGOV93681997 Congratulations on your achievementğŸ‘ https://t.co/ORP7CtKLOR
165,2022-03-05 07:33:16+00:00,IBM,@Sathish_asjs Way to go!ğŸ‘ https://t.co/CavYQ6LeFs
166,2022-03-05 03:04:45+00:00,IBM,@bytedyo Great job! ğŸ™Œ
167,2022-03-04 22:04:25+00:00,IBM,"@MarioRosas Great job, Mario! ğŸ™Œ"
168,2022-03-04 19:57:41+00:00,IBM,@SDegrace ğŸ’™ ğŸ’™ ğŸ’™
169,2022-03-04 19:53:41+00:00,IBM,"@mannkizubani Hi there, please send a message to ibmrecruitment@in.ibm.com for assistance, they will get back to you as soon as possible."
170,2022-03-04 18:08:59+00:00,IBM,@ksaipas Awesome work! ğŸ’ª
171,2022-03-04 17:34:24+00:00,IBM,IBM stands with Ukraine. Read the statement from IBM CEO Arvind Krishna: https://t.co/z49ksERAYX https://t.co/CDYpZm87OS
172,2022-03-04 15:09:59+00:00,IBM,"@OAderoba Way to go, Olugbenga! ğŸ‘ğŸ‘ğŸ‘"
173,2022-03-04 15:08:36+00:00,IBM,"@jpp07 Congrats, Jon! We're excited to have you join us ğŸ˜€"
174,2022-03-04 13:02:40+00:00,IBM,"@YvesVS Great to see, Yves. Keep learning! ğŸ’¡ https://t.co/8XexYDa6XA"
175,2022-03-04 03:39:55+00:00,IBM,"@HouseOf_Jules Great job, Julia! ğŸ™Œ"
176,2022-03-04 03:38:11+00:00,IBM,@GADV17 Awesome work! ğŸ’ª
177,2022-03-03 19:56:46+00:00,IBM,"@EastonKnight Terrific work, Easton! ğŸ‘"
178,2022-03-03 19:30:23+00:00,IBM,@CloudBalta Great job! ğŸ‘
179,2022-03-03 19:29:08+00:00,IBM,@LeahNAlexander Excellent work! ğŸ‘ https://t.co/nnmNodwLrv
180,2022-03-03 16:45:30+00:00,IBM,"@7bits_david Congrats, David! Well done! ğŸ‘"
181,2022-03-03 16:42:25+00:00,IBM,"@smdotdev Great work, Sajid! ğŸ‘"
182,2022-03-03 15:11:06+00:00,IBM,@graemeknows Wow! ğŸ¤©
183,2022-03-03 13:48:38+00:00,IBM,"@marcondes001 Way to go, Marcondes! ğŸ‘ğŸ‘ğŸ‘ https://t.co/cmpb2P2T1l"
184,2022-03-03 11:00:28+00:00,IBM,"@govindrkannan Great job, Govind! ğŸ™Œ https://t.co/k88TpB53i3"
185,2022-03-03 07:09:49+00:00,IBM,"@Balaji30932941 Hi Balaji, you can join our Talent Network to stay informed about career opportunities: https://t.co/qUrakbHDq9"
186,2022-03-03 07:07:18+00:00,IBM,"@ial_ux Great job, Ingrid! ğŸ™Œ https://t.co/8lAPEjE4qp"
187,2022-03-03 05:26:46+00:00,IBM,"@HectorAyalaSal1 Great job, Hector! ğŸ™Œ"
188,2022-03-03 04:06:43+00:00,IBM,"@hzeidam1 Keep up the great work, Hassan! ğŸ™Œ"
189,2022-03-03 03:04:19+00:00,IBM,"@biodilarastro Great job, Dilara! ğŸ™Œ"
190,2022-03-02 23:17:49+00:00,IBM,"@lfmanrique1 Way to go, Luis! ğŸ‘ğŸ‘ğŸ‘"
191,2022-03-02 17:17:37+00:00,IBM,@inventorzang Great job! ğŸ™Œ
192,2022-03-02 16:43:07+00:00,IBM,"@manidg We're happy you're having a great time back, Mani! ğŸŒ±"
193,2022-03-02 15:52:22+00:00,IBM,"@Tinneminy Keep up the awesome learning, Kavita! ğŸ‘"
194,2022-03-02 15:52:02+00:00,IBM,"@dbeaumont266 Great to see, David. Keep learning! ğŸ’¡"
195,2022-03-02 15:50:28+00:00,IBM,@bcotnoiribm Awesome work! ğŸ’ª
196,2022-03-02 13:37:12+00:00,IBM,"@khlenam Way to go, Klenam ğŸ‘ https://t.co/lhgVKcHTed"
197,2022-03-02 11:11:42+00:00,IBM,"@JensKassert Great job, Jens! ğŸ™Œ https://t.co/LePdL10I07"
198,2022-03-02 05:50:08+00:00,IBM,@EzziDead Great job! ğŸ™Œ
199,2022-03-02 05:04:39+00:00,IBM,"@Appsorwebs Great job, Michael! ğŸ™Œ"
200,2022-03-25 16:16:36+00:00,Tesla,Come join the Giga Berlin team!Â https://t.co/p1PVbG8c6x https://t.co/AyBsX36lNN
201,2022-03-22 19:11:28+00:00,Tesla,First Model Y deliveries at Giga Berlin https://t.co/JCneGrBJRA
202,2022-03-10 18:53:44+00:00,Tesla,"RT @TeslaSolar: Solar Roof lets you become your own renewable energy utility. Generate clean energy and drive on solar.
ğŸ“¸: @bethlyp on IG hâ€¦"
203,2022-03-09 16:51:08+00:00,Tesla,ğŸ¨ at Giga Berlin https://t.co/ojIvG9cg4F
204,2022-03-06 08:22:41+00:00,Tesla,"Giga Berlin darf erÃ¶ffnen ğŸ‡©ğŸ‡ªğŸš˜ 

Come join the team! https://t.co/OdNeEGt5eB"
205,2022-02-22 19:06:53+00:00,Tesla,First Model Y deliveries in the UK https://t.co/BRs4mmmOGL
206,2022-02-18 19:25:16+00:00,Tesla,Celebrating our one millionth 4680 cell in January https://t.co/d19IPFu18u
207,2022-02-17 19:41:04+00:00,Tesla,You can now customize how your Tesla appears on the screen and app with the Car Colorizer https://t.co/BvnrCxEw2O
208,2022-02-16 12:32:39+00:00,Tesla,RT @TeslaCharging: Non-Tesla vehicles can now charge at all Superchargers in the Netherlands via the Tesla app.  Learn more at https://t.coâ€¦
209,2022-02-06 00:43:43+00:00,Tesla,RT @elonmusk: Tesla Model S &amp; X Plaid are so fun!
210,2022-02-02 14:30:46+00:00,Tesla,View a breakdown of your charging history and gas savings in the Tesla app https://t.co/9zPCjBZjoQ
211,2022-01-31 13:41:10+00:00,Tesla,RT @TeslaCharging: Non-Tesla vehicles can now charge at select Superchargers in France and Norway via the Tesla app. Learn more at https://â€¦
212,2022-01-28 21:51:02+00:00,Tesla,We started equipment testing at Giga Berlin through the vehicle production process in late 2021 https://t.co/lIcDY8BPJB
213,2022-01-28 21:51:00+00:00,Tesla,Giga Shanghai continues to be our main export hub https://t.co/a9QB3oCmvv
214,2022-01-28 21:50:58+00:00,Tesla,Our Fremont factory achieved record production in 2021 https://t.co/llRXjX8nF4
215,2022-01-28 21:50:56+00:00,Tesla,"In late 2021, we started building Model Ys at Giga Texas. After final certification of Austin-made Model Y, we plan to start deliveries to customers https://t.co/PsmxlO9iRO"
216,2022-01-28 21:50:54+00:00,Tesla,2021 was a breakthrough year for EVs. Thank you to Tesla employees &amp; owners!Â https://t.co/DOAtk54J5v
217,2022-01-21 09:18:55+00:00,Tesla,Graffiti art at Giga Berlin https://t.co/aOj4kZNcbU
218,2022-01-14 09:17:44+00:00,Tesla,RT @elonmusk: Tesla merch buyable with Dogecoin
219,2022-01-12 18:35:47+00:00,Tesla,"Solar Roof keeps snow &amp; ice off your roof

ğŸ“¸: @Xenius101 https://t.co/Xfj9XGRUX1"
220,2022-01-10 15:51:20+00:00,Tesla,"Drive anywhere in the US using the Supercharger network, now in all 50 states https://t.co/SptUN4ipRK"
221,2022-01-07 03:47:34+00:00,Tesla,"Plaid Track Mode now rolling out in North America
https://t.co/1PR60pNb8H"
222,2022-01-05 16:20:38+00:00,Tesla,"When you discover the megaphoneâ€¦ ğŸ“¢ 

ğŸ¥: @HayleyyMiller https://t.co/2AvhGlgCiR"
223,2022-01-02 17:20:05+00:00,Tesla,Production &amp; deliveries in Q4 exceeded 300k vehicles https://t.co/xE7LnWG0va
224,2021-12-25 20:30:58+00:00,Tesla,Merry Christmas to all! ğŸ„ https://t.co/QhOMe02pxy
225,2021-12-24 20:51:37+00:00,Tesla,S3XY Light Show https://t.co/FuBTAVB8Ju
226,2021-12-24 20:07:26+00:00,Tesla,RT @elonmusk: Tesla holiday software update goes to wide release today!
227,2021-12-24 16:40:31+00:00,Tesla,Complete list of features here. Happy holidays! â†’ https://t.co/7DhUW0KUgO
228,2021-12-24 16:40:31+00:00,Tesla,Automatically see a live camera view of your blind spot when activating your turn signal https://t.co/FG9EOPe95D
229,2021-12-24 16:40:23+00:00,Tesla,Talk through your Tesla with Boombox Megaphone ğŸ“¢ https://t.co/8xMO2bHP7L
230,2021-12-24 16:40:03+00:00,Tesla,Defeat Dr. Eggman as the fastest hedgehog of all time ğŸ® https://t.co/jrLjYTV6ne
231,2021-12-24 16:39:44+00:00,Tesla,Drag &amp; drop your favorite apps along the bottom menu bar for easy access https://t.co/GpD2HzB4GY
232,2021-12-24 16:39:36+00:00,Tesla,Program your own light show to make your Tesla dance! â†’ https://t.co/nFm8ES2Zlv https://t.co/Rc4q7RuDu0
233,2021-12-24 16:39:18+00:00,Tesla,V11 holiday release rolling out now ğŸ…
234,2021-12-22 17:14:55+00:00,Tesla,https://t.co/ouYW1FFNCD https://t.co/XMbPjePm5v
235,2021-12-18 23:01:42+00:00,Tesla,RT @TeslaCharging: Avoid the rush this holiday season and charge for free during offâ€‘peak hours at Superchargers along select travel routesâ€¦
236,2021-12-07 00:03:45+00:00,Tesla,"Tesla stability control systems measure your steering &amp; pedal inputs against each wheelâ€™s available grip, adjusting torque to give you the best traction https://t.co/EvfoGkaI7O"
237,2021-12-06 10:40:31+00:00,Tesla,"RT @elonmusk: As always, Tesla is looking for hardcore AI engineers who care about solving problems that directly affect peopleâ€™s lives inâ€¦"
238,2021-12-03 11:41:52+00:00,Tesla,"In Camp Mode, your Tesla will maintain airflow, temperature, interior lighting, as well as play music &amp; power devices https://t.co/rTBwBWBaGj"
239,2021-12-02 14:37:21+00:00,Tesla,https://t.co/XQvbytjrJ2
240,2021-12-02 14:36:59+00:00,Tesla,Cyberquad for Kids ğŸ˜ https://t.co/V9o355OArP
241,2021-12-01 20:47:13+00:00,Tesla,"RT @TeslaSolar: New Solar Roof tiles can deliver a 22% increase in power, resulting in more energy offset https://t.co/pxxPPgeB8s"
242,2021-12-01 00:30:15+00:00,Tesla,"RT @elonmusk: Blow the whistle on Tesla!
https://t.co/c86hLA0iQK"
243,2021-11-17 20:04:32+00:00,Tesla,RT @TeslaSolar: 250k Powerwall installs globally â˜€ï¸ğŸ”‹âš¡ï¸
244,2021-11-11 16:21:16+00:00,Tesla,RT @TeslaCharging: 30k Superchargers around the world â€” and counting https://t.co/Yw7m3cJ6HA
245,2021-11-01 16:35:49+00:00,Tesla,Talk through your Tesla using the Tesla app https://t.co/aYk8t9J4Hl
246,2021-11-01 13:42:43+00:00,Tesla,RT @TeslaCharging: Select Superchargers in the Netherlands are now open to all electric cars. https://t.co/DwPxc1vcF4 https://t.co/BveSRZUsâ€¦
247,2021-10-31 15:03:08+00:00,Tesla,Happy Halloween ğŸƒ https://t.co/d5ijx1PDjW
248,2021-10-26 11:32:25+00:00,Tesla,Dojo whitepaper https://t.co/4PgUGuXE0a
249,2021-10-17 13:37:44+00:00,Tesla,First deliveries of new Model X https://t.co/WfccyUXcFD
250,2021-10-13 19:18:30+00:00,Tesla,Safety will continue to improve via over-the-air updatesÂ https://t.co/HvXQEboAUs
251,2021-10-09 19:39:56+00:00,Tesla,Giga Berlin-Brandenburg County Fair https://t.co/s25GaYuujl
252,2021-10-08 10:34:54+00:00,Tesla,RT @elonmusk: Please consider joining Tesla AI software or hardware teams! https://t.co/HgigdtenKN
253,2021-10-07 21:44:55+00:00,Tesla,Tesla Shareholder Meeting https://t.co/uEv7dE43dC
254,2021-10-04 18:33:02+00:00,Tesla,"NYC as seen through Model Y glass roof

ğŸ“¸: @Virus_City_ https://t.co/qY8TODtIQC"
255,2021-10-02 17:06:09+00:00,Tesla,240k deliveries https://t.co/KAxKuNp6VD
256,2021-10-01 10:53:18+00:00,Tesla,"RT @elonmusk: With https://t.co/45B5nUBaxb &amp; Powerwall battery you are your own utility. 

24/7 clean, sustainable electricity."
257,2021-10-01 10:46:00+00:00,Tesla,"Solar Roof generating clean energy in Aspen, CO ğŸ”

ğŸ“¸ @weddleandsons https://t.co/5Ar8ndjoXF"
258,2021-09-20 20:07:59+00:00,Tesla,Solar Roof powers Buffalo Heritage Carousel in NYÂ ğŸŒ https://t.co/cxFFwmuQ2e
259,2021-09-17 21:44:51+00:00,Tesla,Model Y arrives in Europe https://t.co/nh1noiyMeR
260,2021-09-10 05:53:11+00:00,Tesla,Model S Plaid sets official NÃ¼rburgring EV world record!
261,2021-09-09 22:03:39+00:00,Tesla,"RT @elonmusk: Tesla Model S Plaid just set official world speed record for a production electric car at Nurburgring. Completely unmodified,â€¦"
262,2021-09-08 21:11:44+00:00,Tesla,@AustinTeslaClub @gailalfa1 @elonmusk @IheartTesla @Model3Owners @anuarbekiman @TeslaForThe_Win @TeslaNY @JohnEG78 @MichaelDanberry Solar Roof comes in all shapes &amp; sizes
263,2021-08-20 03:15:53+00:00,Tesla,Join us to build the future of AI â†’ https://t.co/Gdd4MNet6q https://t.co/86cXMVnJ59
264,2021-08-19 23:59:26+00:00,Tesla,Tesla AI Day presentation streaming live from https://t.co/shRnZSwgd4 at 5pm Pacific today
265,2021-08-15 16:49:22+00:00,Tesla,RT @elonmusk: Giga Berlin-Brandenburg county fair &amp; factory tour on 9 October!
266,2021-08-09 13:03:02+00:00,Tesla,"In 2020, a Tesla with Autopilot engaged experienced 0.2 accidents per million miles driven, while the US average was 9x higher https://t.co/4Zu5sMLyeQ"
267,2021-08-09 13:03:00+00:00,Tesla,"25,000+ Superchargers across the globe enable freedom of travel on long-distance trips https://t.co/1JfZ5eFqnU"
268,2021-08-09 13:02:58+00:00,Tesla,"And eventually, they get recycled â€” and brand-new batteries are built from recycled metals https://t.co/RbDZ8xH2gD"
269,2021-08-09 13:02:57+00:00,Tesla,"Usually, vehicles in the US get scrapped after approximately 200k miles, but Tesla batteries are designed to outlast the vehicle https://t.co/NrKb81BwbZ"
270,2021-08-09 13:02:55+00:00,Tesla,Energy generation from Tesla Solar products vastly exceeds energy consumption of Tesla factories https://t.co/VchhrfJPKc
271,2021-08-09 13:02:54+00:00,Tesla,"As the grid becomes cleaner, the gap between EV &amp; ICE lifecycle emissions becomes bigger https://t.co/S8m2TVHHT3"
272,2021-08-09 13:02:52+00:00,Tesla,"Our vehicles emit much less CO2 than ICE vehicles, considering both vehicle manufacturing &amp; electricity emissions https://t.co/NYirz3s4zB"
273,2021-08-09 13:02:50+00:00,Tesla,"Our product line-up covers renewable energy from end to end, from solar panels to vehicles &amp; software designed to maximize utilization https://t.co/tXxAG0hxAC"
274,2021-08-09 13:02:49+00:00,Tesla,"In 2020, Tesla customers helped accelerate the worldâ€™s transition to sustainable energy by avoiding 5.0 million metric tons of CO2e emissions

Impact Report â†’ https://t.co/wZwv00DyWp"
275,2021-07-29 19:34:03+00:00,Tesla,Giga Texas: 6 months ago vs this week https://t.co/CAgmIJ3wKQ
276,2021-07-29 10:01:57+00:00,Tesla,RT @elonmusk: Tesla AI Day August 19th
277,2021-07-27 20:34:58+00:00,Tesla,Music video filmed using Tesla Sentry Mode https://t.co/g7ZYub2NH5
278,2021-07-18 16:13:52+00:00,Tesla,"Solar Roof is designed to withstand heavy storms, hail and even medium-size tree branches https://t.co/IvTROrPC0j"
279,2021-07-16 22:33:39+00:00,Tesla,RT @DurvidImel: What it feels like to ride in a @Tesla Model S Plaid. Thanks @MKBHD for making all the blood in my body rush straight intoâ€¦
280,2021-07-14 23:39:36+00:00,Tesla,"RT @elonmusk: Review of Model S Plaid by Dan Neil
https://t.co/JY45vn8jNN"
281,2021-07-09 21:56:11+00:00,Tesla,RT @elonmusk: Solar + Powerwall battery ensures that your home never loses power
282,2021-07-09 20:52:17+00:00,Tesla,"RT @elonmusk: Tesla Solar Roof + Powerwall in major new housing development in Austin
https://t.co/u7NJAswFW2"
283,2021-07-06 23:07:33+00:00,Tesla,"You can streamÂ Netflix &amp; YouTube, play video games or sing CaraokeÂ in your Tesla ğŸ“ºğŸ®ğŸ¤ https://t.co/SFEm1uau6E"
284,2021-07-02 23:27:23+00:00,Tesla,"To activate, tap Software â†’ long press model name â†’ type holidays or ModelXMas"
285,2021-07-02 23:27:22+00:00,Tesla,"All Model X can dance

ğŸ“¸ @thechristina99 @michellehellman https://t.co/Qjh8qLJzwK"
286,2021-07-02 13:37:58+00:00,Tesla,"Production &amp; deliveries in Q2 surpassed 200,000 vehicles https://t.co/xyLOa0JHX7"
287,2021-06-25 22:22:22+00:00,Tesla,"RT @elonmusk: @marcodzo @Tesla Sometimes people think it is performance, but safety is always the primary design requirement for a Tesla"
288,2021-06-18 22:46:55+00:00,Tesla,"RT @elonmusk: @Tesla Peak acceleration is over 1.2 gâ€™s, which is 20% faster than falling"
289,2021-06-18 18:24:18+00:00,Tesla,Experiencing Plaid https://t.co/nipaxKbkjY
290,2021-06-16 17:11:21+00:00,Tesla,https://t.co/v9mFAeSY1v
291,2021-06-15 09:25:23+00:00,Tesla,https://t.co/k1h6oQsE47
292,2021-06-13 21:45:30+00:00,Tesla,Playing Cyberpunk in Model S Plaid https://t.co/y9Ev4F6EaU
293,2021-06-12 04:23:28+00:00,Tesla,RT @woodhaus2: Gone Plaid! #ModelSPlaid https://t.co/HOt8QxEFzB
294,2021-06-11 22:24:33+00:00,Tesla,RT @DMC_Ryan: Model S Plaid launch arguably felt even more intense from the backseat when I got a second test ride. I just laughed; I couldâ€¦
295,2021-06-11 22:24:30+00:00,Tesla,RT @Erdayastronaut: I just went 0-60 MPH in about 2 seconds and 0-100 MPH in about 4 seconds with 4 people in the car ğŸ¤¯ @Tesla just broke tâ€¦
296,2021-06-11 06:41:48+00:00,Tesla,RT @elonmusk: Plaid release event https://t.co/TxIHXnuw9A
297,2021-06-11 05:20:03+00:00,Tesla,"RT @elonmusk: Most amount of fun on 4 wheels!
Pure joy on tap whenever u want."
298,2021-06-11 05:20:00+00:00,Tesla,RT @elonmusk: Order Tesla Model S Plaid at https://t.co/LuUhICqQEI
299,2021-06-10 22:00:18+00:00,Tesla,Presentation starts at 8:15pm Pacific https://t.co/tGZJUMralo https://t.co/xw1s6ATqus
300,2021-06-08 10:51:41+00:00,Tesla,RT @Orangetilt: Little guy has a new favourite game &amp; fun area. Truly amazing what this car offers! https://t.co/PRxS13HOW0
301,2021-06-07 19:58:42+00:00,Tesla,"Model S Plaid delivery event at our Fremont factory will be streamed live on June 10, 7pm Pacific https://t.co/V7c77ySFti"
302,2021-06-07 19:57:07+00:00,Tesla,"RT @jaminwestby: My car makes family road trips fun for families. 
@tesla #model3 #flex #roadtrip https://t.co/ieVxC9qx9j"
303,2021-06-06 20:49:36+00:00,Tesla,RT @elonmusk: Model S goes to Plaid speed this week
304,2021-05-26 20:30:57+00:00,Tesla,Just surpassed 200k Powerwall installs globally ğŸ”‹ğŸ¡â˜€ï¸ https://t.co/SX0LNLGmGG
305,2021-05-26 18:53:46+00:00,Tesla,"If you want to help cover Giga Berlin in awesome graffiti art, send us your work at GigaBerlinArt@Tesla.com"
306,2021-05-17 16:09:02+00:00,Tesla,RT @GreenMtnPower: GMPâ€™s pioneering network of Tesla Powerwall batteries in customersâ€™ homes delivers groundbreaking first-in-New-England bâ€¦
307,2021-05-14 16:25:44+00:00,Tesla,Configurator now live in Hungary ğŸ‡­ğŸ‡º &amp; Romania ğŸ‡·ğŸ‡´
308,2021-05-08 16:52:57+00:00,Tesla,Cybertruck in NYC https://t.co/Q7JnSo1QoX
309,2021-05-08 16:37:49+00:00,Tesla,"RT @ericrihlmann: Tesla Cybertruck in Times Square.

#cybertruck https://t.co/65BIn9WNsY"
310,2021-05-08 09:24:28+00:00,Tesla,RT @elonmusk: Cybertruck prototype in New York this weekend
311,2021-05-07 20:34:14+00:00,Tesla,RT @TeslaCharging: 25k Superchargers around the world  â€” and counting https://t.co/UzyFergQJ3
312,2021-04-28 14:30:43+00:00,Tesla,Your Tesla will continue to improve long after you bought it https://t.co/wepMWlVFeN
313,2021-04-22 10:26:46+00:00,Tesla,RT @elonmusk: Tesla Solar + Powerwall battery enables consumers to be their own utility
314,2021-04-17 22:52:13+00:00,Tesla,RT @elonmusk: Tesla with Autopilot engaged now approaching 10 times lower chance of accident than average vehicle
315,2021-04-16 05:56:47+00:00,Tesla,Cybertruck at Giga Texas https://t.co/c1RuektPnN
316,2021-04-05 23:11:12+00:00,Tesla,Tesla seats factory https://t.co/X4PLPjuuj4
317,2021-04-01 13:45:40+00:00,Tesla,Model 3 deliveries in Europe https://t.co/fiBNp2a6pG
318,2021-03-25 16:12:35+00:00,Tesla,"6,000+ Superchargers across Europe â€” at 600 locations and counting!

ğŸ“¸ by @EPavlic, @MinimalDuck &amp; @_better_e https://t.co/Yf36HRO9MC"
319,2021-03-23 22:02:46+00:00,Tesla,RT @Fogdo: Thank you @Tesla for this helpful and cool feature :-) https://t.co/FLuY3yFdSL
320,2021-03-16 18:04:04+00:00,Tesla,"Backseat views from Model Y

ğŸ“¸ by loghi007 on Instagram https://t.co/4ss4Hns7fn"
321,2021-03-14 15:47:19+00:00,Tesla,Semi on the track https://t.co/0QCTYGbLJv
322,2021-03-08 00:10:17+00:00,Tesla,"Game on ğŸ®

ğŸ“¸ by @FromWhereICHG https://t.co/wa4m9gjDMh"
323,2021-03-01 18:02:10+00:00,Tesla,"Use Tesla phone app to melt snow &amp; ice off your car before even leaving the house

ğŸ“¸ by @cookie_esq https://t.co/P3r8JUOvpv"
324,2021-02-27 04:47:10+00:00,Tesla,Model 3 earns Top Safety+ award from IIHS for third year in a row https://t.co/rr0QtV20al
325,2021-02-22 20:23:49+00:00,Tesla,"RT @elonmusk: @AustinTeslaClub The Tesla Solar Roof is slightly hydrophobic, so water, snow or ice slide off easily"
326,2021-02-21 21:03:24+00:00,Tesla,Solar Roof even clears off the snow
327,2021-02-19 20:21:28+00:00,Tesla,Plaid winter testing https://t.co/Zau1dWZD2U
328,2021-02-18 17:00:14+00:00,Tesla,"Two years ago, we launched Dog Mode. Send us your best pics! https://t.co/iXVazZJP3B"
329,2021-02-16 15:51:30+00:00,Tesla,Winter at Giga Texas https://t.co/eqL8lPICKe
330,2021-02-13 06:06:36+00:00,Tesla,Winter at Giga Berlin https://t.co/ZyUwqWWY7S
331,2021-02-12 01:17:06+00:00,Tesla,RT @elonmusk: Happy New Year of the Ox! https://t.co/9WFKMYu2oj
332,2021-02-07 07:29:57+00:00,Tesla,RT @elonmusk: Giga Berlin progress https://t.co/ekpG5qcbUi
333,2021-02-05 01:36:17+00:00,Tesla,It can cast front &amp; rear vehicle underbodies in a single piece each â€” down from 70+ parts for same sections previously
334,2021-02-05 01:36:17+00:00,Tesla,Worldâ€™s biggest die casting machine https://t.co/MegnFPKQfh
335,2021-02-01 18:28:16+00:00,Tesla,Proud to have scored 100/100 in LGBTQ equality for the 6th year in a row ğŸ³ï¸â€ğŸŒˆ https://t.co/zz3PeKRRSL
336,2021-01-28 11:24:28+00:00,Tesla,RT @elonmusk: Plaid Model S ships next month https://t.co/HFUPTnQiPB
337,2021-01-28 08:07:33+00:00,Tesla,"Plaid Model X has the quickest acceleration of any SUV by far, at 2.5 seconds 0-60"
338,2021-01-28 08:07:33+00:00,Tesla,Plaid Model S is the first production car to achieve 0-60 in under 2 seconds
339,2021-01-28 08:07:33+00:00,Tesla,"You can play The Witcher 3, Cyberpunk &amp; many more"
340,2021-01-28 08:07:32+00:00,Tesla,"New Model S &amp; Model X just launched

Details https://t.co/7Ol1BvJoj8"
341,2021-01-24 18:09:57+00:00,Tesla,"Also, Model 3 frunks https://t.co/Up848EP3mk"
342,2021-01-24 18:00:49+00:00,Tesla,Stamping Model Y body parts at our Fremont factory https://t.co/qbLrYowJRC
343,2021-01-18 15:17:18+00:00,Tesla,æ¬¢è¿! Model Y deliveries in China have officially begun ğŸš˜ğŸ‡¨ğŸ‡³ https://t.co/fG5aax1k2b
344,2021-01-17 21:08:21+00:00,Tesla,Come work on cell / battery production at Giga Texas &amp; Giga Berlin! https://t.co/PhsI5bb0uD https://t.co/jEUatMLDmE
345,2021-01-14 21:32:45+00:00,Tesla,"The best crash is no crash â€” with Autopilot enabled, you are 7x less likely to be involved in an accident.

Comes standard with every Tesla, at no additional cost. https://t.co/C7no6bBwGc"
346,2021-01-14 04:23:25+00:00,Tesla,"Large crumple zones, rigid body structure &amp; low center of gravity really make a difference https://t.co/Gmwoh7a1gz"
347,2021-01-13 23:57:25+00:00,Tesla,"Model Y awarded 5-star safety rating in every category!
https://t.co/dgbQWofpjf"
348,2021-01-09 16:34:03+00:00,Tesla,"RT @TonyChoMrMagic: I just installed the largest (44KW) solar roof in Florida  @teslaenergy @ ChoZen Retreat @livechozen, Thank you @elonmuâ€¦"
349,2021-01-08 22:36:56+00:00,Tesla,The 7-seater option is now available for order on Model Y https://t.co/XLu84G3GJc
350,2021-01-08 22:35:08+00:00,Tesla,"Model Y Standard Range is now available to order for $41,990
 
- 244 mile range (EPA est.)
- Rear-wheel drive
- 0-60mph in 5.3s
- Premium interior
- Autopilot
- Towing capacity of 3,500 lbs.

https://t.co/dU9HoFqQIc"
351,2021-01-02 14:32:15+00:00,Tesla,"In 2020, we produced and delivered half a million cars. Huge thanks to all those who made this possible.
https://t.co/q43vz6RMhd"
352,2020-11-11 19:26:15+00:00,Tesla,"Order solar panels before the solar tax credit drops at the end of this year. Pair with Powerwall to experience no more blackouts!
https://t.co/gvX4KnG2ca"
353,2020-11-08 17:38:55+00:00,Tesla,20k Superchargers and counting https://t.co/urudyt9Eui
354,2020-10-16 23:51:34+00:00,Tesla,"There's no place like home..especially if it has a Solar Roof.

This Kansas ranch got theirs installed in 4 days."
355,2020-09-23 04:05:38+00:00,Tesla,In-car footage from Sundayâ€™s Plaid Model S run at Laguna Seca https://t.co/rwQDBFCWoH
356,2020-09-23 04:00:07+00:00,Tesla,The only thing beyond Ludicrous is Plaid
357,2020-09-22 21:06:52+00:00,Tesla,Tesla Battery Day starts now!
358,2020-08-20 15:58:14+00:00,Tesla,Aka 162 hours of uninterrupted wifi https://t.co/fvm8Y5oERB
359,2020-08-18 22:14:35+00:00,Tesla,"Big updates in ğŸ‡¨ğŸ‡¦ 

â€“ Trans-Canada Supercharging âœ… 
â€“ Model Y deliveries âœ… 
â€“ Leasing for Model Y &amp; Model 3 ğŸ¯
https://t.co/gyFBEIsjSP"
360,2020-08-14 16:25:26+00:00,Tesla,RT @UndecidedMF: In Teslaâ€™s Q2 earnings call they dropped the little bombshell that Tesla's solar panels cost $1.49 per watt after incentivâ€¦
361,2020-08-07 20:20:59+00:00,Tesla,Live roof &gt; Dead roof https://t.co/scCQ1UXUJb
362,2020-08-06 00:58:38+00:00,Tesla,Looking up in Model Y https://t.co/iAfpJ491Zz
363,2020-08-01 03:44:51+00:00,Tesla,Tesla Q2 Vehicle Safety Report https://t.co/C7no6bBwGc
364,2020-07-22 21:57:41+00:00,Tesla,https://t.co/jmkacbRb5D
365,2020-07-02 18:30:16+00:00,Tesla,"Tesla Q2 2020 Vehicle Production &amp; Deliveries | Tesla, Inc. https://t.co/hgJDXLWmBg"
366,2020-06-20 20:44:50+00:00,Tesla,https://t.co/26o1bAP14v
367,2020-06-09 02:00:25+00:00,Tesla,https://t.co/MROOCn4w9f
368,2020-05-10 02:22:59+00:00,Tesla,https://t.co/X9dzVXLBLx
369,2020-04-09 00:41:11+00:00,Tesla,"Tesla wins 5/6 Kelley Blue Book awards

ğŸ† Best Overall
ğŸ† Best Value
ğŸ† Most Refined
ğŸ† Best Performance
ğŸ† Best Styling"
370,2020-04-05 23:18:35+00:00,Tesla,Engineering update on the Tesla ventilator
371,2020-03-22 20:30:51+00:00,Tesla,@UCLAHealth @elonmusk @3M Glad we can help! Weâ€™re sending masks and supplies to as many hospitals as we can.
372,2020-03-16 17:40:52+00:00,Tesla,"Model Y deliveries begin!

https://t.co/ZhuiM5MTOf https://t.co/3gX6MBPmhp"
373,2020-03-15 02:51:41+00:00,Tesla,"Giga New York built 4MW of Solar Roof last week, enough for up to 1000 homes!"
374,2020-03-10 15:09:48+00:00,Tesla,Track Mode V2 for Model 3 Performance introduces more advanced handling customization and lap data recording.
375,2020-03-05 20:24:59+00:00,Tesla,Art of the Roof
376,2020-03-04 19:00:24+00:00,Tesla,"Model 3 recently earned the 2020 IIHS Top Safety Pick+ Award. Winning cars are selected on their ability to protect people inside and outside the car 
ğŸ‘ğŸ»ğŸš˜"
377,2020-02-16 01:23:24+00:00,Tesla,"Solar Roof is taking off across the US. Become a Solar Roof installer today, no experience needed!

https://t.co/qX1lEPlkNQ https://t.co/EQKWaoSiqH"
378,2020-02-09 22:06:29+00:00,Tesla,Roofs never looked so good https://t.co/kC0NQAuklW https://t.co/tPW7rJtNHQ
379,2020-01-20 20:29:16+00:00,Tesla,"There is no ""unintended acceleration"" in Tesla vehicles

https://t.co/BcYrcX03A4"
380,2020-01-07 10:06:18+00:00,Tesla,"We just delivered our first customer cars from Gigafactory Shanghai, marking only one year from when the teams broke ground on the site. https://t.co/UfUxEyRQv0"
381,2019-12-30 03:30:06+00:00,Tesla,"What a way to close out 2019, and this is only just the beginning. 
Congratulations to the Shanghai team! https://t.co/N6U8qlTPWp"
382,2019-12-24 17:52:26+00:00,Tesla,"Trans-Canada Supercharger route from Vancouver to Halifax is now open! ğŸ‡¨ğŸ‡¦âš¡
Over half the locations are V3 for the fastest charging speeds. https://t.co/42mnW3hNL5"
383,2019-12-14 03:39:40+00:00,Tesla,Money printers for all https://t.co/wYCAzV25e3
384,2019-12-13 00:11:49+00:00,Tesla,Enjoy charging your car with the sun https://t.co/vMTE5aE8uY
385,2019-12-06 22:42:37+00:00,Tesla,Just in case you make your roofing decisions based on slo mo videos https://t.co/6bggrC7yxu
386,2019-12-04 17:32:31+00:00,Tesla,Model X just earned 5 stars from Euro NCAP in safety testing
387,2019-11-23 20:53:51+00:00,Tesla,I'm gonna tell my kids this is the first pick-up https://t.co/RyNcYfIZ33
388,2019-11-22 19:59:46+00:00,Tesla,RT @MotorTrend: The MotorTrend team visited @Tesla twice during the development of #Cybertruck. Six exclusive stories and five videos at htâ€¦
389,2019-11-22 18:57:07+00:00,Tesla,"More utility than a pick-up
Better performance than a sports car

https://t.co/28RWdWLYMi"
390,2019-11-22 02:06:51+00:00,Tesla,"Cybertruck Unveil livestream starts at 8pm 
https://t.co/BhTBgNqeWQ https://t.co/qzKnsIkkms"
391,2019-11-21 20:26:39+00:00,Tesla,"Cybertruck Unveil starts at 8

Stay tuned for livestream https://t.co/zrbsoKKLd7"
392,2019-11-13 23:08:01+00:00,Tesla,@tesletter Weekly screen time report got too high
393,2019-11-13 20:07:36+00:00,Tesla,"We were very honored to accept one of Europe's most prestigious awards yesterday, Das Goldene Lenkrad (the Golden Steering Wheel), with Model 3 scoring the highest of all tested cars ğŸ†"
394,2019-10-25 23:33:48+00:00,Tesla,"Solar Roof uses durable glass solar tiles to generate electricity.
Â 
Our latest version only takes a few days to set up and is comparable to the cost of a composition shingle roof + electrical bill.
Â 
Installations begin next month.
https://t.co/27tB768e9e"
395,2019-10-25 18:31:12+00:00,Tesla,Submit questions for our Solar Roof Q&amp;A ahead of our 2pm launch:
396,2019-10-25 16:30:49+00:00,Tesla,"Join us at 2pm PT today to learn all about our V3 Solar Roof product. 

Visit https://t.co/rd0ILdpzRL to listen in."
397,2019-10-17 18:18:44+00:00,Tesla,"One of us, One of us.

Become a Production Associate: https://t.co/eatwqqWhdC https://t.co/fr3JuYnVb0"
398,2019-10-16 20:12:43+00:00,Tesla,@WilliamLaitinen @elonmusk Spookercharger
399,2019-10-16 14:39:55+00:00,Tesla,yesterday we almost tweeted that we have a great rash lab instead of crash lab and we all had a good laugh as we all had a good scratch https://t.co/10oLEtnuM4
