,Time,User,Tweet
0,2022-03-02 20:14:15+00:00,jgrayson552,What‚Äôs Really Happening in The Stock Market? Find Out LIVE w/ TTG &amp; Tim ... https://t.co/5xQMVbbl7X via @YouTube
1,2022-03-02 20:14:12+00:00,ashic,RT @gmelnik: Bad news doesn't get better with time. Sooner or later the Moscow Exchange will open and the massive crash of the Russian stoc‚Ä¶
2,2022-03-02 20:13:53+00:00,RickC595,What‚Äôs Really Happening in The Stock Market? Find Out LIVE w/ TTG &amp; Tim ... https://t.co/D04ki9Frgj via @YouTube
3,2022-03-02 20:13:50+00:00,PotassiumEdge,"RT @kylascan: ""Every human mind has its own peculiarities... but the stock market is the meeting of many minds, having every imaginable pec‚Ä¶"
4,2022-03-02 20:13:49+00:00,greatsweetleaf,@DonaldJTrumpJr @PatriotMobile Remember all those times you and your daddy said the stock market would tank if Joe Biden beat your daddy? https://t.co/SYDVPRfDaa
5,2022-03-02 20:13:46+00:00,StixOButter,"RT @DickTugging: It goes that without saying, we like the stock, and as investors with the most resilient and feared investors the market h‚Ä¶"
6,2022-03-02 20:13:42+00:00,25Sigmaa,"Always curious about what could be a future black swan... one just came to mind... THE ENTIRE U.S. STOCK MARKET SHUTS DOWN üíîFOREVERüíî... yes, that is definitely a stretch. Although nearly impossible... wouldn't be surprised if it happened #STOCKS #25SIGMA comment your black swan https://t.co/6clnipwIw8"
7,2022-03-02 20:13:40+00:00,Jasper33430720,"@JohnNea20957805 @WildHoney808 @BrabozoB Nancy's husband invests in the stock market and in real estate. They made most of their money in real estate, you know the industry Trump lost money in."
8,2022-03-02 20:13:36+00:00,ShirleyJeste,"RT @DickTugging: It goes that without saying, we like the stock, and as investors with the most resilient and feared investors the market h‚Ä¶"
9,2022-03-02 20:13:29+00:00,BlkMambaTTG,What‚Äôs Really Happening in The Stock Market? Find Out LIVE w/ TTG &amp; Tim ... https://t.co/o1ynr8eDeD via @YouTube
10,2022-03-02 20:13:26+00:00,jkck8,Folks are upset because the market conditions changed. To me this current action is normal prior to the madness. Ppl are just upset that they can't get away with the bull shit they being doing the last two where you could close your eyes click buy and the stock still goes up lol
11,2022-03-02 20:13:23+00:00,Hart4Equality,@KyivPost After @KremlinRussia_E caused the Russian stock market to lose 95% of shares values his own people have put a price on his head. The rich Russians are not going to tolerate him losing their wealth. Russian people don‚Äôt know that Putin is bombing innocent people. They will tho!
12,2022-03-02 20:13:18+00:00,GottaWakeUpPlz,Looks like grumpy Ron DeSantis might have lost his money in the Russian stock market. üòâ
13,2022-03-02 20:13:16+00:00,1MirandaAllen,RT @Justin_Ling: your stock market can't crash if it never opens
14,2022-03-02 20:13:09+00:00,TheDs_Pk,"@realrazidada Sir,
ŸÑŸà⁄ØŸà⁄∫ ⁄©€å ÿ¨€åÿ® ŸÖ€å⁄∫ ÿ¨ÿ® Ÿæ€åÿ≥ÿß ÿ¢ÿ™ÿß €Å€í ÿ™Ÿà
ÿßÿ≥ ÿ≥€í economy generate
€ÅŸàÿ™€å €Å€í
Jobs create €ÅŸàÿ™€å €Å€å⁄∫ 
Industry ⁄ÜŸÑÿ™€å €Å€í
⁄©ÿßÿ±ÿÆÿßŸÜ€í 8 ⁄Ø⁄æŸÜŸπ€í ⁄©€å ÿ®ÿ¨ÿßÿ¶€í 24 ⁄Ø⁄æŸÜŸπ€í ⁄ÜŸÑÿ™€í €Å€å⁄∫ 
ŸÅ€å⁄©Ÿπÿ±€åÿß⁄∫ 24 ⁄Ø⁄æŸÜŸπ€í ⁄ÜŸÑÿ™€å €Å€å⁄∫
Import/Export ÿ®⁄ë⁄æÿ™€å €Å€í
Real estate, stock market, ÿßŸàŸæÿ± ÿ¨ÿßÿ™€å €Å€í"
15,2022-03-02 20:13:03+00:00,DickTugging,"It goes that without saying, we like the stock, and as investors with the most resilient and feared investors the market has ever known, we are going nowhere.

We are here to punish our own Western oligarchs, who have gone out of their way to harm business, employees and retail."
16,2022-03-02 20:13:01+00:00,TermStayRes,RT @KT_So_It_Goes: what if we just didn‚Äôt have a stock market
17,2022-03-02 20:13:00+00:00,danspena,STOCK MARKET AT A 70YR HIGH! WHO SAYS MARKET WILL GO UP? WATCH OUT KIDS! https://t.co/fM7EDzqKQZ
18,2022-03-02 20:12:58+00:00,lllMrXlll,@SottoHBAR Basically it‚Äôs like pulling shares out of the market making available shares less and increasing the stock price
19,2022-03-02 20:12:44+00:00,alexhopkins1995,"RT @StookTradina: This is fucking ridiculous, @Citadel is just robbing everyone EVERYDAY in plain sight and the @SECGov won‚Äôt suspend dark‚Ä¶"
20,2022-03-02 20:12:40+00:00,Suuyuki_Sui,"RT @JackFarley96: And yet, so much carnage inflicted on Russian stock market, bond market, and currency. The power of Forward Guidance..."
21,2022-03-02 20:12:38+00:00,StevenM28021817,"@CGasparino @CEOAdam this sounds like the post of a man that wants movies to fail and streaming to succeed. Conflict of interest? Market manipulation. Stock bashing? @CEOAdam @SECGov @DOJCrimDiv 
Using your media platform to do this is illegal but you also told people on @Twitter to off themselves"
22,2022-03-02 20:12:35+00:00,JustinY70036658,No Corner of U.S. Stock Market Left Untouched by War in Ukraine https://t.co/UTe6XwxEXQ
23,2022-03-02 20:12:34+00:00,emmanuelgatsinz,@sejudav Arleady Russian stock market is closed for a second day
24,2022-03-02 20:12:13+00:00,GulsahSunnetci,"@Nasimul1978 Yes, you do know that. $SUIC really is the stock of a lifetime. It's still relatively new, but the charts look fantastic and it has managed its share of the market. Buy stocks now if you're searching for a stock to invest."
25,2022-03-02 20:12:12+00:00,unclesa_sam,"RT @NaijaFlyingDr: Can you remember a time when the Nigerian Stock market was so hot that people were taking loans to buy shares?

I take a‚Ä¶"
26,2022-03-02 20:12:08+00:00,Kevdoggy321,"RT @rocketastronaut: FUD- tutes will sell HUGE blocks and hit the stock HARD

BUT b4 that happens $AMC

for the tutes to be able to sell, t‚Ä¶"
27,2022-03-02 20:12:03+00:00,nicogee1887,Before this action they went short in this stock and during the dump which was the result of triggering the stop losses they take the profit. Do you call that a fair market @GaryGensler ? Can you confirm this ? @cvpayne ? (2/2) #AMCSqueeze #fairstockmarket #StockMarket
28,2022-03-02 20:12:03+00:00,Usefulnotes_,"RT @HelenKennedy: In less than a week, sanctions on Russia have cratered the ruble, reduced Russian debt to junk status and threatened a co‚Ä¶"
29,2022-03-02 20:12:01+00:00,ElanGlickstein,@MiguelCahill26 invest in the russian stock market - theres bound to be a  bounce back there.
30,2022-03-02 20:11:48+00:00,twisterbolt,I Will Add Certainty In The Stock Market. ! ?
31,2022-03-02 20:11:47+00:00,MikeBacanu,What‚Äôs Really Happening in The Stock Market? Find Out LIVE w/ TTG &amp; Tim ... https://t.co/WUpGevN9gs via @YouTube
32,2022-03-02 20:11:46+00:00,CraftsmansQuest,What‚Äôs Really Happening in The Stock Market? Find Out LIVE w/ TTG &amp; Tim ... https://t.co/UbCkbQ8yhl via @YouTube
33,2022-03-02 20:11:44+00:00,Usefulnotes_,"RT @Amy_Siskind: Russia‚Äôs MOEX stock exchange will apparently remain closed, as Russia co shares in other markets tumble, and Bloomberg cal‚Ä¶"
34,2022-03-02 20:11:38+00:00,ArmStock_,"#Economy ~11m job openings while job unemployment is less than 4%

Hopefully the stock market will see the effects soon for a decent upward trend in legit tickers https://t.co/QHWBcqWQz9"
35,2022-03-02 20:11:18+00:00,AvgCryptoInvest,"RT @DanielSmidak: My grandma called me she‚Äôs pissed with her stock market investments and wants to get in crypto. 

She‚Äôs 78 and she‚Äôs got‚Ä¶"
36,2022-03-02 20:11:18+00:00,EdwardBuxton,"Moscow Stock Exchange will remain closed for trading tomorrow [Thursday]. 

Market collapse. Economic collapse. 

From the car bomb 1990s to the current day the Russian economy has been built on a lie."
37,2022-03-02 20:11:16+00:00,StockNewsOutlet,Why the stock market refuses to plunge on Russia-Ukraine crisis https://t.co/BrkLWwHxAa
38,2022-03-02 20:11:15+00:00,jerkkoeskelinen,@Justin_Ling @BrentToderian Schr√∂dinger‚Äôs stock market crash?
39,2022-03-02 20:11:06+00:00,RKyrianov,RT @YelchenkoUN: Shared certificates of Russian biggest Sberbank are being traded at London stock market at the price of 1 cent. Love it ‚ù§Ô∏è
40,2022-03-02 20:10:51+00:00,TommyGribbin,"RT @JakeCordell: Russia's stock market will stay closed on Thursday, the Central Bank just announced. For a fourth consecutive day."
41,2022-03-02 20:10:51+00:00,bakrus3000,"RT @NazeemElkommos: WallStreetBets proved the financial System is Fucking Rigged.

Citadel LLC =Hedge Fund
Citadel Securities =Market Maker‚Ä¶"
42,2022-03-02 20:10:46+00:00,mrwoo85,"RT @AppleTVPlus: The Problem with the Stock Market.

In January 2021, a group of Redditors did something that would change the stock market‚Ä¶"
43,2022-03-02 20:10:32+00:00,Sanchoballer,RT @MamaMoApe: I can‚Äôt believe a year ago I actually thought the stock market operated on supply and demand ü§Øüò©üò≠ so young and na√Øve ü§¶üèΩ‚Äç‚ôÄÔ∏è #A‚Ä¶
44,2022-03-02 20:10:25+00:00,Exmo_Com,"Do you agree that so far, Bitcoin can not be called a robust defensive asset or a store of value, because it sometimes strongly correlates with the US stock market,
#cryptomarket #crypto #btc https://t.co/8l0JUmVchN"
45,2022-03-02 20:10:25+00:00,njay46977151,"RT @dlauer: Tomorrow at 8pm, @TheProblem takes on the stock market, and you can hear me talk about conflicts-of-interest, complexity and ot‚Ä¶"
46,2022-03-02 20:10:24+00:00,N3rdCulture,"RT @Sky_Cam7: $AMC DOWN ü©∏4.25%
$CNK UP üü¢ 1%
$IWM UP üü¢ 1.35%

The US stock market is infuriating.

But, #AMCNOTLEAVING 

#AMCSTOCK"
47,2022-03-02 20:10:15+00:00,RussellSieg,"I have a feeling Moscow's Stock Market will be closed for about as long as Putin's reckless Ukraine Invasion lasts

the longer their stock market is closed, how could they ever open it again? it's gonna plummet

FoxBusiness: ""Moscow suspends stock trading until March 5"" https://t.co/ZcdIf7SOq1"
48,2022-03-02 20:10:08+00:00,WBurtonandSons,"Hi fellow Staffordshire biz &amp; charities. We are WBurton timber merchants in Threapwood nr Cheadle. Family business supplying agri, timber and country market and diy since 1955. We have in stock huge q‚Äôs of timber gates, posts &amp; fencing + #staffordshirehour"
49,2022-03-02 20:10:07+00:00,derxteaccount,@xtrixcyclex @sacdamb @IAPonomarenko When Russian stock market reopens--- RUBLE https://t.co/xvcyOcXHzn
50,2022-03-02 20:10:04+00:00,konik2,$UUUU - Notification That Annual Report Will Be Submitted Late (nt 10-k) https://t.co/pIrUBLksyw
51,2022-03-02 20:10:04+00:00,ThisAintPrince,my mental health is currently moving like the stock market https://t.co/BkxvrNW17n
52,2022-03-02 20:10:03+00:00,NoreenWise777,"RT @GoldGallant: 2022 Mustang Mach-E and Ford Promise Plan

EV sales are skyrocketing.
Order yours now before they sell-out.

‚ÄúSkyrocketing‚Ä¶"
53,2022-03-02 20:10:02+00:00,newsinvesting,"Meta Outperformance 'May Take Time,' Says Morgan Stanley - https://t.co/hnFoYzUtNL"
54,2022-03-02 20:10:01+00:00,ChoosesPoorly,Feeling sick to my stomach (watching the stock market go up)
55,2022-03-02 20:09:53+00:00,ModernNewsMN,"RT @NazeemElkommos: WallStreetBets proved the financial System is Fucking Rigged.

Citadel LLC =Hedge Fund
Citadel Securities =Market Maker‚Ä¶"
56,2022-03-02 20:09:44+00:00,SeattleSpec,"RT @TheProblem: Power to the retail investor. The Problem With The Stock Market. Streaming tomorrow, only on Apple TV+. https://t.co/LlnPtZ‚Ä¶"
57,2022-03-02 20:09:39+00:00,fipsyfip,This is why the stock market is rebounding on Wednesday @CNBC https://t.co/u7gxKKiqOT
58,2022-03-02 20:09:37+00:00,NewBoston2020,"RT @anthonypesec: Well this is overdue.

@SECGov is investigating recent stock sales by @Tesla CEO @elonmusk and his brother @kimbal that w‚Ä¶"
59,2022-03-02 20:09:36+00:00,FUGAZI2022,RT @PeterRHann1: I just got home. Missed the earnings call. So I am not sure what to think. AMC up just 1 cent in after market? Seriously?‚Ä¶
60,2022-03-02 20:09:29+00:00,codigos818,"RT @dlauer: Tomorrow at 8pm, @TheProblem takes on the stock market, and you can hear me talk about conflicts-of-interest, complexity and ot‚Ä¶"
61,2022-03-02 20:09:25+00:00,fipsyfip,Dow rebounds as traders try to shake off Ukraine-Russia conflict @CNBC https://t.co/rRUqp9933p
62,2022-03-02 20:09:21+00:00,WhiteHouseWacko,But...But...Some Nostradumbshit guy said the stock market would collapse if Biden became President. https://t.co/k0JJeU73E6
63,2022-03-02 20:09:14+00:00,olavtorvund,RT @Justin_Ling: your stock market can't crash if it never opens
64,2022-03-02 20:09:11+00:00,chris_borghese,Why the stock market refuses to plunge on Russia-Ukraine crisis https://t.co/grAEhDt6ep
65,2022-03-02 20:09:06+00:00,cryptonights2,"RT @AppleTVPlus: The Problem with the Stock Market.

In January 2021, a group of Redditors did something that would change the stock market‚Ä¶"
66,2022-03-02 20:09:04+00:00,MarketsCafe,Stock market update: Mining stocks  up  as market  falls The 30-share BSE Sensex closed  down  778.38 points at 55468.9 #Market by #EconomicTimes https://t.co/623H6kiVbp
67,2022-03-02 20:08:53+00:00,davidleo24,"@NeilPHauer @kevorkina Imagine there's a certificate that makes you owner of 1% of a compant. 

Stock markets allow to trade those certificates easily.

If the stock market is closed selling is haes. So the owners are stuck with Russian stocks which are losing value rapidly."
68,2022-03-02 20:08:49+00:00,parraga8,RT @MamaMoApe: I can‚Äôt believe a year ago I actually thought the stock market operated on supply and demand ü§Øüò©üò≠ so young and na√Øve ü§¶üèΩ‚Äç‚ôÄÔ∏è #A‚Ä¶
69,2022-03-02 20:08:45+00:00,StozBbob,@jonostrower Isn't that something that we should do --after-- we stop for a moment and take stock of the abject destruction and eviceration of the Ukrainian commercial aircraft fleet and airline market that is currently taking place. Hey are we physicaly detroying Russian airfields?
70,2022-03-02 20:08:43+00:00,ZeeTradeLLC,"Who is sneaking around the stock market $SPY.  Man oh man it's holding between 439.22 &amp; 437.99 this level has a lot of Dark Pool activity ""437.99"". As you can see it is having a hard time at that level on the downside. That level can now serve as a strong support &amp; resistance"
71,2022-03-02 20:08:18+00:00,Fear_of_God3,RT @MamaMoApe: I can‚Äôt believe a year ago I actually thought the stock market operated on supply and demand ü§Øüò©üò≠ so young and na√Øve ü§¶üèΩ‚Äç‚ôÄÔ∏è #A‚Ä¶
72,2022-03-02 20:08:15+00:00,ManuelT10293000,"RT @rocketastronaut: the STOCK MARKET is a rigged casino, until the nefarious actors make it right or go to PRISON $AMC #CHOKEonTHAT"
73,2022-03-02 20:08:05+00:00,SamDunklau,RT @jonostrower: We need to stop for moment and take stock of the abject evisceration of the Russian commercial aircraft fleet and airline‚Ä¶
74,2022-03-02 20:08:00+00:00,ETFsStockPicker,#Stock_market_news ECB'S CENTENO SAYS RUSSIA-UKRAINE CONFLICT COULD LEAD TO STAGFLA‚Ä¶ https://t.co/0cW0mcasKo https://t.co/HhkKr6EmNW https://t.co/rPztfPs9Ye
75,2022-03-02 20:07:57+00:00,iamlubos,@MollyJongFast What do you think should be the right answer? Putin ordering the stock market closed and taking measures to prevent outflow of currency seems pretty communist to me.
76,2022-03-02 20:07:54+00:00,ETFsStockPicker,#Stock_market_news Front Month Nymex Natural Gas Rose 4.13% to Settle at $4.7620 -- Data Talk https://t.co/mw1PZsx1LX https://t.co/HhkKr6EmNW https://t.co/UNJU9rBPCj
77,2022-03-02 20:07:53+00:00,isidney75,"Feeling jealous of the Russians right now. The stock market is tanking making share prices of valuable companies to be so cheap. Central bank raised the borrowing rates thus high mortgage rates will lead to  defaults, allowing people to purchase real estates at cheap prices."
78,2022-03-02 20:07:53+00:00,MotownDR,@Retracasil @Truthhurts205 Investment funds even now are trying to divest themselves from stocks and funds that RU oligarchs own &amp; that millions of Americans share in via stock market- so whole thing is pretty fcking dumb considering millionaire Pitt most likely also is tied to companies owned by Ru corps.
79,2022-03-02 20:07:50+00:00,Born2Lead1,"RT @NazeemElkommos: WallStreetBets proved the financial System is Fucking Rigged.

Citadel LLC =Hedge Fund
Citadel Securities =Market Maker‚Ä¶"
80,2022-03-02 20:07:45+00:00,SOLPolloJR,"RT @TheProblem: Power to the retail investor. The Problem With The Stock Market. Streaming tomorrow, only on Apple TV+. https://t.co/LlnPtZ‚Ä¶"
81,2022-03-02 20:07:32+00:00,justkathyn,"RT @dlauer: Tomorrow at 8pm, @TheProblem takes on the stock market, and you can hear me talk about conflicts-of-interest, complexity and ot‚Ä¶"
82,2022-03-02 20:07:29+00:00,Stylesofpunk,RT @MamaMoApe: I can‚Äôt believe a year ago I actually thought the stock market operated on supply and demand ü§Øüò©üò≠ so young and na√Øve ü§¶üèΩ‚Äç‚ôÄÔ∏è #A‚Ä¶
83,2022-03-02 20:07:27+00:00,samuell03080198,"RT @StookTradina: This is fucking ridiculous, @Citadel is just robbing everyone EVERYDAY in plain sight and the @SECGov won‚Äôt suspend dark‚Ä¶"
84,2022-03-02 20:07:19+00:00,futurelawdigita,"RT @JakeCordell: Russia's stock market will stay closed on Thursday, the Central Bank just announced. For a fourth consecutive day."
85,2022-03-02 20:07:19+00:00,gj1023,"RT @Britain_People: ‚ÄúI realized that this government has gone utterly mad,‚Äù said a #Moscow machine learning engineer who flew to Egypt over‚Ä¶"
86,2022-03-02 20:07:17+00:00,CraigFM1789,"RT @CraigFM1789: Stock market is doing fine.The reason, government  feeding it money.Corporate maxed out with welfare while they persecute‚Ä¶"
87,2022-03-02 20:07:13+00:00,N3rdCulture,"RT @NateDaddy33: @TOFIQFAZL Trend this: #OptionsFraud

Price fixing is happening because of options. 

OVER AND OVER AND OVER

 Spoofing
Wa‚Ä¶"
88,2022-03-02 20:07:04+00:00,MikeZaccardi,Stock market rallies on IMMINENT all-time highs in retail gasoline prices. https://t.co/MzbFvAXFQZ
89,2022-03-02 20:06:53+00:00,amc_stonk_ape,"RT @TheProblem: Power to the retail investor. The Problem With The Stock Market. Streaming tomorrow, only on Apple TV+. https://t.co/LlnPtZ‚Ä¶"
90,2022-03-02 20:06:49+00:00,ClearwaterBK,RT @socsecurityguy: Stock Market Highs and Your Retirement #PFshare via @rwohlner https://t.co/BmDnX0Oedw
91,2022-03-02 20:06:43+00:00,AllegroEddie,RT @MamaMoApe: I can‚Äôt believe a year ago I actually thought the stock market operated on supply and demand ü§Øüò©üò≠ so young and na√Øve ü§¶üèΩ‚Äç‚ôÄÔ∏è #A‚Ä¶
92,2022-03-02 20:06:34+00:00,AnnRoss201111,"RT @dbiggs0001: Because the Russian Stock Market is down 40%? The Ruble, 30%? üòàüòà"
93,2022-03-02 20:06:34+00:00,RoseJamMusic,"Something ive learned while the stock market has crashed and crashed and crashed, is that you need to invest in yourself"
94,2022-03-02 20:06:32+00:00,Raffy1x,RT @MamaMoApe: I can‚Äôt believe a year ago I actually thought the stock market operated on supply and demand ü§Øüò©üò≠ so young and na√Øve ü§¶üèΩ‚Äç‚ôÄÔ∏è #A‚Ä¶
95,2022-03-02 20:06:29+00:00,selaineweeks,RT @jonliedtke: Can't crash the stock market if the sick market never opens again https://t.co/JrwU3lbHfU
96,2022-03-02 20:06:24+00:00,ohmenobbystiles,"Earlier I was a virologist with honours. Then an expert on Russia. Then watched war movies and an expert on blitzcreig. Then on psychological disorders - interesting but nuts. Now studying the stock market, equally nuts. Now global entente. Next is who would buy a football team?."
97,2022-03-02 20:06:19+00:00,N3rdCulture,RT @MamaMoApe: I can‚Äôt believe a year ago I actually thought the stock market operated on supply and demand ü§Øüò©üò≠ so young and na√Øve ü§¶üèΩ‚Äç‚ôÄÔ∏è #A‚Ä¶
98,2022-03-02 20:06:18+00:00,lotech123,"@coloradotravis Where is the logic to that when at the other end of the stock market is busting its gut to fund robotics in everything from manufacturing, motor transport, office tasks to farming.
What will you do with a mass of unemployed and poor people ?
Hire them as your personal servants ?"
99,2022-03-02 20:06:17+00:00,shooterApe,"RT @dlauer: Tomorrow at 8pm, @TheProblem takes on the stock market, and you can hear me talk about conflicts-of-interest, complexity and ot‚Ä¶"
100,2022-03-02 20:06:17+00:00,WeThePeople424,"RT @rocketastronaut: the STOCK MARKET is a rigged casino, until the nefarious actors make it right or go to PRISON $AMC #CHOKEonTHAT"
101,2022-03-02 20:06:16+00:00,Kevdoggy321,"RT @NazeemElkommos: WallStreetBets proved the financial System is Fucking Rigged.

Citadel LLC =Hedge Fund
Citadel Securities =Market Maker‚Ä¶"
102,2022-03-02 20:06:11+00:00,Rimrock_Sports,"@mikehaw63337134 @Hookmk33 @DeeFanning2 @JMastrodonato In the case of the Braves, you would still be shy of stock market performance even if you sold the team with a $400m gain (which is the increase in franchise value the last 5 years). My original point is lost in all of this."
103,2022-03-02 20:06:00+00:00,rautajaakko,RT @Freeeconomist1: @nexta_tv Russian stock market right nowüòä https://t.co/wrZh9JHaGh
104,2022-03-02 20:05:53+00:00,MartinTuerk,RT @Freeeconomist1: @nexta_tv Russian stock market right nowüòä https://t.co/wrZh9JHaGh
105,2022-03-02 20:05:51+00:00,InvestingStockz,"Wintershall Dea stops payments to Russia, writes off $1.1 billion Nord Stream 2 loan - https://t.co/amyDY4njyv"
106,2022-03-02 20:05:48+00:00,legoknee,"If listening to music/artists was like the stock market, then I'd be big ballin"
107,2022-03-02 20:05:47+00:00,RudyCycles,"RT @NazeemElkommos: WallStreetBets proved the financial System is Fucking Rigged.

Citadel LLC =Hedge Fund
Citadel Securities =Market Maker‚Ä¶"
108,2022-03-02 20:05:46+00:00,Matt_Turnerr,Virtually no corner of the U.S. stock market has been left untouched by Russia‚Äôs invasion of Ukraine https://t.co/ZDc1z2LaYn with @BTLipschultz
109,2022-03-02 20:05:41+00:00,allindiabullion,#stock_market #gold #silver #crude_oil #nifty #sensex #tradeing #trending
110,2022-03-02 20:05:40+00:00,JacekWierzbicki,"Wall Street rally gains steam, Dow up 600 points as traders try to shake off Ukraine-Russia conflict https://t.co/bJ2Hdlywyt via CNBC #news #CNBC"
111,2022-03-02 20:05:37+00:00,moonpineappley1,"RT @dlauer: Tomorrow at 8pm, @TheProblem takes on the stock market, and you can hear me talk about conflicts-of-interest, complexity and ot‚Ä¶"
112,2022-03-02 20:05:35+00:00,guptakshitij12,"2) It has a well-diversified healthcare model which includes medical education centres, a research foundation and health insurance services.

This makes it an attractive and defensive healthcare business model on the Indian stock market."
113,2022-03-02 20:05:31+00:00,TheMoYouKnow13,"RT @dlauer: Tomorrow at 8pm, @TheProblem takes on the stock market, and you can hear me talk about conflicts-of-interest, complexity and ot‚Ä¶"
114,2022-03-02 20:05:26+00:00,StookTradina,"This is fucking ridiculous, @Citadel is just robbing everyone EVERYDAY in plain sight and the @SECGov won‚Äôt suspend dark pools‚Ä¶the stock market is beyond broken the jig is up!!!! After AMCs record breaking earnings this should have sky rocketed‚Ä¶but more illegal activity‚Ä¶

$AMC https://t.co/1P4hGxYYUt"
115,2022-03-02 20:05:26+00:00,asbusiness8,"RT @MikeWShell: Downtrends in bank stocks is a typical precursor to a bear market, so this breakdown is the S&amp;P Bank Index isn't real bulli‚Ä¶"
116,2022-03-02 20:05:18+00:00,rlacerda_,RT @reynaldorubemjr: https://t.co/HMYA9WDpsS
117,2022-03-02 20:05:17+00:00,patrickmajor56,"RT @flexghost1: The Russian stock market is closed for near-record time, their economy is in freefall, the Nord Stream 2 is bankrupt, sanct‚Ä¶"
118,2022-03-02 20:05:11+00:00,DontThinkso555,Deciding to finally try your hand at playing the Russian stock market #HowToWasteMoney
119,2022-03-02 20:05:09+00:00,philosopherape,"RT @dlauer: Tomorrow at 8pm, @TheProblem takes on the stock market, and you can hear me talk about conflicts-of-interest, complexity and ot‚Ä¶"
120,2022-03-02 20:05:09+00:00,pglfmc,Russia's Central Bank Shuts Stock Market for a 2nd Day As Crisis Mounts https://t.co/7Yhd9PlZV3
121,2022-03-02 20:05:07+00:00,NamNsh578,RT @leadlagreport: The ATAC Credit-On/Credit-Off Index rotates between long-term US treasuries and high yield junk debt on a weekly basis b‚Ä¶
122,2022-03-02 20:05:06+00:00,Jazzdancer,"RT @WCRUOfficial: #SEC (Securities and Exchange Commission) is an American agency responsible for regulating the country's stock market.
Th‚Ä¶"
123,2022-03-02 20:05:05+00:00,Gustavo_Nahum,RT @leadlagreport: The ATAC Credit-On/Credit-Off Index rotates between long-term US treasuries and high yield junk debt on a weekly basis b‚Ä¶
124,2022-03-02 20:05:03+00:00,frankChristuraj,RT @leadlagreport: The ATAC Credit-On/Credit-Off Index rotates between long-term US treasuries and high yield junk debt on a weekly basis b‚Ä¶
125,2022-03-02 20:05:02+00:00,GNMonzy,RT @jonostrower: We need to stop for moment and take stock of the abject evisceration of the Russian commercial aircraft fleet and airline‚Ä¶
126,2022-03-02 20:05:01+00:00,skrappyd0,"RT @TheProblem: Power to the retail investor. The Problem With The Stock Market. Streaming tomorrow, only on Apple TV+. https://t.co/LlnPtZ‚Ä¶"
127,2022-03-02 20:04:58+00:00,ort_brod,"RT @KatiePhang: Russia‚Äôs stock market remains closed for a 3rd consecutive day.

Just delaying the inevitable. This ostrich with its head i‚Ä¶"
128,2022-03-02 20:04:52+00:00,buzzsubash,"RT @MarketsCafe: Sensex  falls! But these  stocks rallied over 15% on BSE in today's trade In the Nifty50 index, 15 stocks closed in the gr‚Ä¶"
129,2022-03-02 20:04:50+00:00,Badass_Bella1,"Excited? I am! 
What‚Äôs Really Happening in The Stock Market? Find Out LIVE w/ TTG &amp; Tim ... https://t.co/LBSHSM1J7z via @YouTube"
130,2022-03-02 20:04:48+00:00,igvolow,@ProfessorPlague @IwriteOK I‚Äôm imagining corrupt generals selling their battalion‚Äôs stock of food and fuel on the black market during peacetime.
131,2022-03-02 20:04:43+00:00,coming2fruition,Putin should buy back all of the Russian stock market for pennies on the dollar.
132,2022-03-02 20:04:41+00:00,reynaldorubemjr,https://t.co/HMYA9WDpsS
133,2022-03-02 20:04:40+00:00,DRIFT_DEALER,RT @MamaMoApe: I can‚Äôt believe a year ago I actually thought the stock market operated on supply and demand ü§Øüò©üò≠ so young and na√Øve ü§¶üèΩ‚Äç‚ôÄÔ∏è #A‚Ä¶
134,2022-03-02 20:04:37+00:00,elsadb0y,"RT @DanielSmidak: My grandma called me she‚Äôs pissed with her stock market investments and wants to get in crypto. 

She‚Äôs 78 and she‚Äôs got‚Ä¶"
135,2022-03-02 20:04:34+00:00,Mastadartz,"RT @dlauer: Tomorrow at 8pm, @TheProblem takes on the stock market, and you can hear me talk about conflicts-of-interest, complexity and ot‚Ä¶"
136,2022-03-02 20:04:34+00:00,Mpangastephen,@Reuters Stock market for funs
137,2022-03-02 20:04:31+00:00,LacieFisher,RT @KT_So_It_Goes: russian stock market https://t.co/9iZUnKblZv
138,2022-03-02 20:04:30+00:00,peeg_7,"RT @spectatorindex: Spectator Index - 21st February

- Daily news and politics

- Latest in business and finance

- Commodity, currency and‚Ä¶"
139,2022-03-02 20:04:24+00:00,Tickeron,How do you think the market will react to this? $GLBS entered Uptrend as Momentum indicator ascends above 0 level. #GlobusMaritime #stockmarket #stock https://t.co/cyLfhhAB75 https://t.co/csQN6Susdo
140,2022-03-02 20:04:20+00:00,tjradcliffe,RT @Justin_Ling: your stock market can't crash if it never opens
141,2022-03-02 20:04:15+00:00,putonconri,@LuoshengPeng UPST one of the best stocks (growth) in the market. it is up 100% from the low of 75. Very impressive- this is the stock you want to buy on pullbacks
142,2022-03-02 20:04:10+00:00,matt_rakowski,@Cernovich The West has made Putin increasingly toxic for Russian businesses. Note the obliteration of the Russian stock market and currency. Sounds like a traditional law enforcement approach to pursuing an organized crime suspect.
143,2022-03-02 20:04:07+00:00,Mcfonz,"@RoccoLostInHull @BitsHammer Scalping doesn't literally mean overpricing. It means buying up stock to reduce the numbers of them in the market so you can demand higher fees. This guy could have owned them for decades.

It's still an absolutely shit argument. You literally said you can get cheaper."
144,2022-03-02 20:04:06+00:00,Kevdoggy321,"RT @rocketastronaut: the STOCK MARKET is a rigged casino, until the nefarious actors make it right or go to PRISON $AMC #CHOKEonTHAT"
145,2022-03-02 20:03:55+00:00,TaoCapMktModel,"Real-time results: $SPY Big-Drop signal is over, $SPY is Bullish, unbolded, confidence 67.8%; Stock pick: $CHWY, $ABNB, $SAVE, $CTXS, $DDOG, $INFO, $UAL, $LYFT, Daily #market prediction and #stock pick @TaoCapMktModel. https://t.co/mBAbjlFOZa"
146,2022-03-02 20:03:54+00:00,shooterApe,"RT @TheProblem: Power to the retail investor. The Problem With The Stock Market. Streaming tomorrow, only on Apple TV+. https://t.co/LlnPtZ‚Ä¶"
147,2022-03-02 20:03:53+00:00,KayCryptoKing,Market cap for AMC IS NOW 9.51B THIS IS WHY THE STOCK IS GOING UP HIGHER #AMC #AMCtothemoon #AMCSTRONG #AMCNEVERLEAVING #AMCARMY #AMCsqueeze
148,2022-03-02 20:03:53+00:00,aarondecker28,What‚Äôs Really Happening in The Stock Market? Find Out LIVE w/ TTG &amp; Tim ... https://t.co/TBvRuSav4n via @YouTube
149,2022-03-02 20:03:52+00:00,Abraham97405743,"RT @thelittlehawk: BPA Places 3rd in Eastern Iowa Stock Market Challenge

https://t.co/ne4ztFmgBy https://t.co/te1wcPRaf3"
150,2022-03-02 20:03:51+00:00,FulyaCifcibas,"Traders: When you are moving towards a stock, wait for the market confirmation to confirm your move."
151,2022-03-02 20:03:41+00:00,DotCalmsshadow,"RT @dbiggs0001: Because the Russian Stock Market is down 40%? The Ruble, 30%? üòàüòà"
152,2022-03-02 20:03:33+00:00,pmax_xc,"RT @thelittlehawk: BPA Places 3rd in Eastern Iowa Stock Market Challenge

https://t.co/ne4ztFmgBy https://t.co/te1wcPRaf3"
153,2022-03-02 20:03:25+00:00,StrawberryNG,"""Investors lose N66 billion as stock market dips https://t.co/YG3utNM3ee‚Äî Peoples Gazette (@GazetteNGR) March 2, 2022 https://t.co/HHYVejAEBB"
154,2022-03-02 20:03:21+00:00,realkeksmonster,RT @lookner: NEXTA on Telegram: Russian stock market will not open tomorrow https://t.co/6X3D3sq3vw
155,2022-03-02 20:03:14+00:00,SheDrills,"@Anatnom @drew68 it probably won‚Äôt be in the stock market‚Ä¶I came, conquered and will need to find a new mountain to climb.  Never stop learning."
156,2022-03-02 20:03:07+00:00,sheryl_camp123,RT @Justin_Ling: your stock market can't crash if it never opens
157,2022-03-02 20:03:06+00:00,adrinvestors,https://t.co/GaegOBWCKC: Explainer-Third time lucky? Why Banco BPM appeals to UniCredit CEO https://t.co/FCkUC1ALAB Join us at https://t.co/DIFIAwaWJS #stocks #investing #investment https://t.co/kfYQpTb5eb
158,2022-03-02 20:03:04+00:00,GhostfaceTrader,What‚Äôs Really Happening in The Stock Market? Find Out LIVE w/ TTG &amp; Tim ... https://t.co/HDQ6NAVctX via @YouTube
159,2022-03-02 20:03:02+00:00,JanJak_AMC,RT @MamaMoApe: I can‚Äôt believe a year ago I actually thought the stock market operated on supply and demand ü§Øüò©üò≠ so young and na√Øve ü§¶üèΩ‚Äç‚ôÄÔ∏è #A‚Ä¶
160,2022-03-02 20:03:00+00:00,Ray_Zinn_,"Geopolitics continue to influence the economy. U.S. stocks declined as satellite cameras captured a convoy of Russian military vehicles in route to the Ukrainian capital Kyiv. Oil is above $105 per barrel, the highest in 7 years. https://t.co/j3Ala93Pp1"
161,2022-03-02 20:02:55+00:00,sakartepe,"@NafterApp @elsartdraw Spam project. 
Every person who looks at the price chart understands that this project is garbage, that no promises are kept. There has been no stock market news for several months and it is removed from the current stock market lists."
162,2022-03-02 20:02:50+00:00,bvaleblv,"Our stock market is so manipulated. Why is Sberbank ($SBRCY), Russia's sanctioned bank, up 27%? Volume is 6X above average. Could it be people are exiting both short and long positions? I can't imagine anyone wanting to own it. https://t.co/dbr3MrTaV2"
163,2022-03-02 20:02:46+00:00,sakartepe,"@NafterApp Spam project. 
Every person who looks at the price chart understands that this project is garbage, that no promises are kept. There has been no stock market news for several months and it is removed from the current stock market lists."
164,2022-03-02 20:02:41+00:00,TonyHi1114,"RT @NazeemElkommos: WallStreetBets proved the financial System is Fucking Rigged.

Citadel LLC =Hedge Fund
Citadel Securities =Market Maker‚Ä¶"
165,2022-03-02 20:02:40+00:00,maryannwollison,"RT @flexghost1: The Russian stock market is closed for near-record time, their economy is in freefall, the Nord Stream 2 is bankrupt, sanct‚Ä¶"
166,2022-03-02 20:02:32+00:00,ShawnaMcNerney,"@AOC Doesn't your ""momma bear"" do that? She's all about that insider trading. Will you condemn her? Will you stop elected officials from participating in the stock market? I had such high hopes for so many ""progressives."" I'm very let down by sell outs. Enough words. Actions, please."
167,2022-03-02 20:02:24+00:00,AltairAdvisers,Russia‚Äôs invasion of Ukraine sent the U.S. stock market briefly into its first correction (10% drop) in two years and sent energy and commodity prices higher. Read more in our latest #MarketMonitor https://t.co/qvZ3mHcysq
168,2022-03-02 20:02:23+00:00,def_izit,"RT @tanjamaier17: Pretty sure martial law, stock market closed indefinitely, Abramovich selling Chelsea, every single western consumer bran‚Ä¶"
169,2022-03-02 20:02:11+00:00,ShillsExposing,RT @MamaMoApe: I can‚Äôt believe a year ago I actually thought the stock market operated on supply and demand ü§Øüò©üò≠ so young and na√Øve ü§¶üèΩ‚Äç‚ôÄÔ∏è #A‚Ä¶
170,2022-03-02 20:02:01+00:00,DieselTechForum,"ICYMI: @NesteGlobal, Marathon Petroleum Form Renewable Diesel Joint Venture https://t.co/3fzolhih2Y"
171,2022-03-02 20:01:59+00:00,gmelnik,Bad news doesn't get better with time. Sooner or later the Moscow Exchange will open and the massive crash of the Russian stock market will occur. The only way to prevent it is to #StopWarInUkraine ! https://t.co/ZpqjvhHS18
172,2022-03-02 20:01:56+00:00,bethsinniresist,"RT @KatiePhang: Russia‚Äôs stock market remains closed for a 3rd consecutive day.

Just delaying the inevitable. This ostrich with its head i‚Ä¶"
173,2022-03-02 20:01:53+00:00,wilsonfromnorth,I wonder how much the Russian stock market would increase should Putin have an accident? https://t.co/wbWnrOS9t4
174,2022-03-02 20:01:50+00:00,gigiboo59,RT @ResisterCb: @PaulLewis Credit Suisse is currently under investigation by the DOJ for financial crimes relating to the stock market. Thi‚Ä¶
175,2022-03-02 20:01:42+00:00,rwohlner,Annuity Sellers Love Stock Market Turmoil https://t.co/4Sc4BUsOvd
176,2022-03-02 20:01:37+00:00,chiciewkitie,RT @moneymotive888: @STXRBOY999 Remember 0 Emotion is the key to success in the stock market ü§ùüîê
177,2022-03-02 20:01:37+00:00,fufufnyk0,"RT @JakeCordell: Moscow‚Äôs stock market will stay closed for a 3rd consecutive day on Wednesday. 

That‚Äôs even with orders requiring Russian‚Ä¶"
178,2022-03-02 20:01:37+00:00,GaryJorgan,RT @KT_So_It_Goes: russian stock market https://t.co/9iZUnKblZv
179,2022-03-02 20:01:34+00:00,Shwiftygains,"RT @TheProblem: Power to the retail investor. The Problem With The Stock Market. Streaming tomorrow, only on Apple TV+. https://t.co/LlnPtZ‚Ä¶"
180,2022-03-02 20:01:22+00:00,ElvisPredley,What‚Äôs Really Happening in The Stock Market? Find Out LIVE w/ TTG &amp; Tim ... https://t.co/ZuTG2yhUmb via @YouTube
181,2022-03-02 20:01:17+00:00,IdaniaP43536205,"What is really happening in the Stock Market?
Join TTG today and learn to trade like a professional.üî•
#DayTrading #optiontrading
#swingtrade @TrueTradingGrp
https://t.co/nutYd6q7KP"
182,2022-03-02 20:01:13+00:00,murshedz,"RT @tanjamaier17: Pretty sure martial law, stock market closed indefinitely, Abramovich selling Chelsea, every single western consumer bran‚Ä¶"
183,2022-03-02 20:01:12+00:00,tweetsweeper1,"RT @USAMidwest1: @enbl7 #PetsMatter #ZomedicaStrong
Family #investment #veterinary 
#MSCI Index enough CASH for another acquisition strong‚Ä¶"
184,2022-03-02 20:01:11+00:00,davesmi59688783,What‚Äôs Really Happening in The Stock Market? Find Out LIVE w/ TTG &amp; Tim ... https://t.co/kRBReCf3jV via @YouTube
185,2022-03-02 20:01:10+00:00,bigwinx22,RT @moneymotive888: @STXRBOY999 Remember 0 Emotion is the key to success in the stock market ü§ùüîê
186,2022-03-02 20:01:03+00:00,SmithGreenfield,"An analysis of secondary market performance from the past decade showed that Rolexes regularly did better than more traditional investment options, like stocks, real estate and gold.
#Rolex #WatchCollector #BespokeInsurance via @RobbReport https://t.co/9SwUzFtrt3"
187,2022-03-02 20:00:59+00:00,lyudmil_soarev,"RT @JakeCordell: Russia's stock market will stay closed on Thursday, the Central Bank just announced. For a fourth consecutive day."
188,2022-03-02 20:00:55+00:00,musedhair,"@paul77p @RossettiDale @Q08615011 @RyanCYEG @Kathleen_Ralph @gurlfromthebus One last thing though‚Ä¶

And follow @DowdEdward for stock market info. He was one of the first to break it out into the open‚Ä¶ https://t.co/SPoYSBkrSI"
189,2022-03-02 20:00:53+00:00,Mangler_MMA,"RT @Ryan__Rigg: Power to the retail investor. The Problem With The Stock Market. Streaming tomorrow, only on Apple TV+ ‚Äî Was that @matt_koh‚Ä¶"
190,2022-03-02 20:00:50+00:00,tradeforgoodau,"Stock market basics, what are derivatives and commodities?

#nfp #fundraise #fundraiser #fundraising #charity #notforprofit #signup #onlinetrading #trading #shares #sharetrading #investor #ASX #stockmarket #australia #invest #barefootinvestor #tradestocks #asx200  #tradeforgoodau https://t.co/8yzlP5YmpA"
191,2022-03-02 20:00:49+00:00,mikepaugh67,"A ""devastating"" conflict between Russia and Ukraine hoisted the S&amp;amp;P 500 deeper into a correction and the tech-heavy Nasdaq index into bear-market territory on Thursday. https://t.co/4ghRwrW28A https://t.co/J2xEWozVd1"
192,2022-03-02 20:00:46+00:00,LawLess02743875,"RT @dlauer: Tomorrow at 8pm, @TheProblem takes on the stock market, and you can hear me talk about conflicts-of-interest, complexity and ot‚Ä¶"
193,2022-03-02 20:00:44+00:00,DataMrp,"RT @BriPerez_81: $OG.V stock fell 4.92%, closed last trading day at $0.2900. Market cap reached 17.39M. Bearish engulfing candlestick patte‚Ä¶"
194,2022-03-02 20:00:44+00:00,LargoJd,"@miteman @BrummieInvestor @prettypennyuk @FinancialHamst1 No there seems to be a higher allocation vs what percentage of the global stock market the UK makes up.

I prefer if an index fund is allocated based on market cap."
195,2022-03-02 20:00:40+00:00,queenymom,"RT @CinDot2017: @POTUS With medicare, my father pays $90 for his insulin! Soon he'll be in the donut hole &amp; it'll cost him $600! I'm so ang‚Ä¶"
196,2022-03-02 20:00:31+00:00,fredchen1112,"RT @dlauer: Tomorrow at 8pm, @TheProblem takes on the stock market, and you can hear me talk about conflicts-of-interest, complexity and ot‚Ä¶"
197,2022-03-02 20:00:28+00:00,Tarpy21,"RT @Ryan__Rigg: Power to the retail investor. The Problem With The Stock Market. Streaming tomorrow, only on Apple TV+ ‚Äî Was that @matt_koh‚Ä¶"
198,2022-03-02 20:00:28+00:00,ReneeMills26,"RT @dlauer: Tomorrow at 8pm, @TheProblem takes on the stock market, and you can hear me talk about conflicts-of-interest, complexity and ot‚Ä¶"
199,2022-03-02 20:00:26+00:00,Dasmir08,"RT @MomAngtrades: Know the volatility rule of 16. When you buy or sell options, divide the contract‚Äôs implied volatility by 16. This will t‚Ä¶"
200,2022-03-02 20:00:16+00:00,TioBen4AMCAPES,Here we go again same old crap with the good news and the manipulation of #AMCSTOCK we own 90% of the float and nothing changes in the crooked it stock market and hedgies who keep getting in deeper trouble.
201,2022-03-02 20:00:14+00:00,EsotericCapita1,"$SGMA ticking up a bit, reports Q3 likely next week, stock has been crushed with overall market even though it is coming off one it‚Äôs strongest quarters ever with EPS of $0.69 in Q2."
202,2022-03-02 20:00:13+00:00,messengerpost,"Powell tells Congress Fed is poised to raise rates to curtail inflation despite Ukraine war, falling stock market. A quarter point bump appears likely.
 https://t.co/8XtmIgLHBS"
203,2022-03-02 20:00:12+00:00,ToadyTheToad,"Way to crash your stock market Russia!
#Ukraine #UkraineRussiaWar #RussiaUkraine #Russia https://t.co/CS42WA0HOx"
204,2022-03-02 20:00:11+00:00,TimesTelegram,"Powell tells Congress Fed is poised to raise rates to curtail inflation despite Ukraine war, falling stock market. A quarter point bump appears likely.
 https://t.co/3eFEnDPyne"
205,2022-03-02 20:00:10+00:00,Nerlster,"RT @KatiePhang: Russia‚Äôs stock market remains closed for a 3rd consecutive day.

Just delaying the inevitable. This ostrich with its head i‚Ä¶"
206,2022-03-02 20:00:06+00:00,0xFilipko23,"RT @BitcoinMagazine: BARRON'S: THANKS TO RUSSIAN SANCTIONS, #BITCOIN HAS DECOUPLED FROM THE STOCK MARKET"
207,2022-03-02 20:00:05+00:00,SlappinYams,"RT @NazeemElkommos: WallStreetBets proved the financial System is Fucking Rigged.

Citadel LLC =Hedge Fund
Citadel Securities =Market Maker‚Ä¶"
208,2022-03-02 20:00:03+00:00,carebearcrypto2,"RT @rocketastronaut: the STOCK MARKET is a rigged casino, until the nefarious actors make it right or go to PRISON $AMC #CHOKEonTHAT"
209,2022-03-02 20:00:02+00:00,girlthatinvest,"4 stock market sectors that did the best in 2021
1. Information technology, 
2. financial,
3. health care,
4. consumer discretionary stocks."
210,2022-03-02 20:00:02+00:00,moneyinafrica,"#African stock markets at the close of day on 2nd March 2022. Good day in Kenya (@NSE_PLC), with the stock market rising by 1.21%. Tough day in BVRM (@BRVM_UEMOA), with the stock market dropping by 0.90%. https://t.co/pdoU5f9Toe"
211,2022-03-02 20:00:01+00:00,wstbots,Stock market worryingly shows no growth as Watching the war on Russian TV - a whole different story #wstbot #stonks
212,2022-03-02 20:00:01+00:00,sauceboss5000,RT @KT_So_It_Goes: what if we just didn‚Äôt have a stock market
213,2022-03-02 19:59:57+00:00,JohnBro13002328,"RT @JakeCordell: Russia's stock market will stay closed on Thursday, the Central Bank just announced. For a fourth consecutive day."
214,2022-03-02 19:59:53+00:00,LGSoderlund1,"RT @PalmerReport: With the ruble in freefall, the Russian stock market closed indefinitely, the Russian economy gone, NATO nations arming U‚Ä¶"
215,2022-03-02 19:59:52+00:00,tnbarncat,"RT @awelab1956: @Angry_Staffer Moscow's stock market to remain closed Tuesday. 
He's not going reopen the market there ever."
216,2022-03-02 19:59:45+00:00,ashkan,"The ‚ÄúTeflon‚Äù stock snowflake $snow is about to report earnings. Used to own ($233), but sold last year (~$350). Bullish on company but stock‚Äôs beyond priced for perfection:
https://t.co/HGuI3cfS8t
I‚Äôm on vacation but eager to see earnings &amp; market reaction. https://t.co/oK8qixQM9h"
217,2022-03-02 19:59:42+00:00,CorruptNSW,RT @GhostOfJustin1: You‚Äôre a ü§° and your nation is now a total failure. Putin won‚Äôt even open the stock market because he knows the embarras‚Ä¶
218,2022-03-02 19:59:30+00:00,faux_eel,"@beatt_william ""For every 1% the stock market goes down,  40,000 people die."""
219,2022-03-02 19:59:29+00:00,UberAgent99,"A variety of factors are expected to create a more expensive, more competitive spring housing market with less stock than ever. https://t.co/OBaNUZbabu https://t.co/KYDegJPqUt"
220,2022-03-02 19:59:28+00:00,GuSv01,RT @Justin_Ling: your stock market can't crash if it never opens
221,2022-03-02 19:59:24+00:00,maddx_mel,RT @YahooFinance: Why the stock market refuses to plunge on Russia-Ukraine crisis https://t.co/0CBQRxZ5l0 by @BrianSozzi https://t.co/Tns3G‚Ä¶
222,2022-03-02 19:59:22+00:00,bobby_ying,"RT @dlauer: Tomorrow at 8pm, @TheProblem takes on the stock market, and you can hear me talk about conflicts-of-interest, complexity and ot‚Ä¶"
223,2022-03-02 19:59:20+00:00,Marek78545971,"@AmJafar5 lmao, russinas go to sleep and the next they rubel is worth 50% less than day before, the stock market is dead, Russia is currently the opposite of stable country."
224,2022-03-02 19:59:15+00:00,ReneeMills26,RT @MamaMoApe: I can‚Äôt believe a year ago I actually thought the stock market operated on supply and demand ü§Øüò©üò≠ so young and na√Øve ü§¶üèΩ‚Äç‚ôÄÔ∏è #A‚Ä¶
225,2022-03-02 19:59:09+00:00,fordfanatictony,"RT @rocketastronaut: the STOCK MARKET is a rigged casino, until the nefarious actors make it right or go to PRISON $AMC #CHOKEonTHAT"
226,2022-03-02 19:59:08+00:00,TradingGuru,RT US stocks OVERVALUED by 50% since WWIII started on Feb 24th The US and EU have to step in with COMPLETE EMBARGO on Russia and get ready for the NUCLEAR WAR $QQQ $MSFT $GOOG $AAPL $AMZN $NFLX $TSLA $FB https://t.co/cUqJqTUSpH
227,2022-03-02 19:59:02+00:00,JoseNobles8,"RT @NazeemElkommos: WallStreetBets proved the financial System is Fucking Rigged.

Citadel LLC =Hedge Fund
Citadel Securities =Market Maker‚Ä¶"
228,2022-03-02 19:59:01+00:00,WhirledCitizen_,"RT @Heidi_Cuda: ‚ÄúI don't know if the timing of its activation was intentional or serendipitous, but it turned out to be sublime.¬†

‚ÄúPutin w‚Ä¶"
229,2022-03-02 19:58:57+00:00,JohnRob59003391,"@AmericaRpts @SenatorTimScott 1.
Wall Street rally gains steam, Dow up 600 points as traders try to shake off Ukraine-Russia conflict 

Stocks rose on Wednesday despite a continued surge in oil prices surged amid the intensifying conflict between Russia and Ukraine.
https://t.co/oKoZ4kPOrM 
CONTINUES BELOW"
230,2022-03-02 19:58:55+00:00,Nathan07531970,"RT @NazeemElkommos: WallStreetBets proved the financial System is Fucking Rigged.

Citadel LLC =Hedge Fund
Citadel Securities =Market Maker‚Ä¶"
231,2022-03-02 19:58:51+00:00,DanielWicharz,"#rts Russian stock market still closed. :-) is there someone afraid of the economic consequences ? 
#Warmongerputin"
232,2022-03-02 19:58:47+00:00,Mister_Kolle,RT @KT_So_It_Goes: russian stock market https://t.co/9iZUnKblZv
233,2022-03-02 19:58:44+00:00,pctidatascience,$SPY hosting a watch party for the Russian stock market opening. I've never seen a actual Market collapse in real time. It's going to be insane. üòÅ
234,2022-03-02 19:58:35+00:00,superlonginvest,@BuyandHoldd Warren buffet and Charlie munger specifically said they are not interested in Russia market(about 15 years maybe more) so I suggest stay away drone russian stock:)
235,2022-03-02 19:58:32+00:00,EGconomics,"RT @JacobCanfield: Every Russian stock has been pulled from Robinhood.

Russian stock market is still down.

Imagine if that happened to US‚Ä¶"
236,2022-03-02 19:58:32+00:00,ImACat4sure,"RT @NazeemElkommos: WallStreetBets proved the financial System is Fucking Rigged.

Citadel LLC =Hedge Fund
Citadel Securities =Market Maker‚Ä¶"
237,2022-03-02 19:58:27+00:00,dehhsantiago,RT @MamaMoApe: I can‚Äôt believe a year ago I actually thought the stock market operated on supply and demand ü§Øüò©üò≠ so young and na√Øve ü§¶üèΩ‚Äç‚ôÄÔ∏è #A‚Ä¶
238,2022-03-02 19:58:24+00:00,InvestingStockz,"Elevated Inflation, Tight Labor Market to Persist, but Outlook Optimistic: Fed - https://t.co/k3zibGaNS6"
239,2022-03-02 19:58:17+00:00,Wu33997279,@CGasparino @thankyouSTOCKS Ur wife is a whale. And not a stock market whale. Hideous. Does she break ur spine when she sits on you
240,2022-03-02 19:58:04+00:00,MarketsCafe,Stock market update: Sugar stocks  up  as market  falls The 30-share BSE Sensex closed  down  778.38 points at 55468.9 #Market by #EconomicTimes https://t.co/q11t2Rn07C
241,2022-03-02 19:58:02+00:00,Rick3r67,"RT @TheProblem: Power to the retail investor. The Problem With The Stock Market. Streaming tomorrow, only on Apple TV+. https://t.co/LlnPtZ‚Ä¶"
242,2022-03-02 19:57:48+00:00,shaw__tay,"RT @1stgenmoneymuse: Working in tech can come with cool perks &amp; flexibility, but remember it‚Äôs still WORK. 

Tech companies are often chara‚Ä¶"
243,2022-03-02 19:57:43+00:00,Kdot4Prez,People trust pensions and insurance but don‚Äôt trust the stock market. Lol
244,2022-03-02 19:57:42+00:00,Toldren,"RT @dlauer: Tomorrow at 8pm, @TheProblem takes on the stock market, and you can hear me talk about conflicts-of-interest, complexity and ot‚Ä¶"
245,2022-03-02 19:57:40+00:00,mugs9,RT @Justin_Ling: your stock market can't crash if it never opens
246,2022-03-02 19:57:32+00:00,CrispyLenetta,$ABBV clawing to get to $154. Very extended on the larger time frames; but in this market hard to say this stock is over priced.
247,2022-03-02 19:57:31+00:00,ApeHotSprings,"Dow rebounds as investors shake off intensifying Russia-Ukraine conflict, spiking oil @CNBC https://t.co/AkEVBwH6hi"
248,2022-03-02 19:57:29+00:00,Stock_world_0,"If stock market experts were so expert, they would be buying stock, not selling advice. https://t.co/qwwqCiaTIh"
249,2022-03-02 19:57:29+00:00,AnnaECCS,Thank you BestPrep and sponsors of the Stock Market Game! Need some tips?Zoom in for advice from BCE analysts. Your best investments are trending upward every day.@BestPrepMN @BluffCreekElem https://t.co/NtOsOqmJW7
250,2022-03-02 19:57:25+00:00,MRMIKET6,"RT @dlauer: Tomorrow at 8pm, @TheProblem takes on the stock market, and you can hear me talk about conflicts-of-interest, complexity and ot‚Ä¶"
251,2022-03-02 19:57:23+00:00,Nathan050899,"RT @NazeemElkommos: WallStreetBets proved the financial System is Fucking Rigged.

Citadel LLC =Hedge Fund
Citadel Securities =Market Maker‚Ä¶"
252,2022-03-02 19:57:16+00:00,nerdchamber,"RT @TheProblem: Power to the retail investor. The Problem With The Stock Market. Streaming tomorrow, only on Apple TV+. https://t.co/LlnPtZ‚Ä¶"
253,2022-03-02 19:57:12+00:00,KindofSkeptical,"@SarahHuckabee Stock market up. Business booming - all my customers are busy and having great years. Inflation is tough but there are a few reasons. Unemployment low - companies cannot find workers, especially in warehouses. So you are just kind of lying basically"
254,2022-03-02 19:57:07+00:00,Hamza05771949,RT @Astra01dt730: @saglamnetwork @BNBCHAIN @parexmarket @ParexPRX @mydexchaintech stock market of the future #parexmarket
255,2022-03-02 19:57:04+00:00,Hamza05771949,RT @Astra01dt730: @YusufBa16080105 @Keziban65077523 @parexmarket @BNBCHAIN @ParexPRX @BinanceChain stock market of the future #parexmarket
256,2022-03-02 19:57:03+00:00,sarahmelaniphy,"Luxury Real Estate on the Rise: Stock market gains, rising home equity, and cryptocurrency have led to an unprecedented demand for bigger homes in new locations, according to Coldwell Banker‚Äôs new luxury report. https://t.co/5a3lXOcJte https://t.co/PCfFyo3np0"
257,2022-03-02 19:56:59+00:00,CRNBTC,Parabolic moves in oil usually lead to a weak stock market.
258,2022-03-02 19:56:58+00:00,IncomeWebsites5,Federal Reserve Rate-Hike Odds Slide As Stock Market Tumbles Ahead Of Powell Testimony - Investor's Business Daily || #BusinessNews Courtesy of Make Money Online 4 Beginners with This Passive System Designed for Beginners and Busy People! https://t.co/Vr9EMv03Ea
259,2022-03-02 19:56:47+00:00,DinaRiggs18,RT @MamaMoApe: I can‚Äôt believe a year ago I actually thought the stock market operated on supply and demand ü§Øüò©üò≠ so young and na√Øve ü§¶üèΩ‚Äç‚ôÄÔ∏è #A‚Ä¶
260,2022-03-02 19:56:44+00:00,qlaosj,"RT @ZssBecker: The only way America can pay for a war is with more money printing. We are broke.

There's also been a BIG dump at the start‚Ä¶"
261,2022-03-02 19:56:39+00:00,AHatefulMate,RT @KT_So_It_Goes: russian stock market https://t.co/9iZUnKblZv
262,2022-03-02 19:56:37+00:00,davidmotzko,"RT @tanjamaier17: Pretty sure martial law, stock market closed indefinitely, Abramovich selling Chelsea, every single western consumer bran‚Ä¶"
263,2022-03-02 19:56:30+00:00,luis4manuel,"RT @sstrazza: Some bearish info from the bond market w/ $HYG vs $IEI making new lows...

Will the stock market follow? $SPX https://t.co/HD‚Ä¶"
264,2022-03-02 19:56:29+00:00,palaceintrigue0,I hope you all realize it's not normal for the stock market to move +/- 2% or more every day for two straight months.
265,2022-03-02 19:56:21+00:00,vivalamom0,The market has no food‚Ä¶half my order is out of stock üôÉ
266,2022-03-02 19:56:16+00:00,InvestingStockz,Canada's low-cost carrier WestJet to buy rival Sunwing Airlines - https://t.co/wq4pEkLPFz
267,2022-03-02 19:56:10+00:00,_RobConrad,"RT @_RobConrad: KEY events *RIGHT AFTER the 7 YR TRIB 'starts' are IN PLAIN VIEW, READY : 1) Antichrist, 2) 'peace taken from earth' (Rev 6‚Ä¶"
268,2022-03-02 19:56:09+00:00,Katrina5Mm,RT @jonostrower: We need to stop for moment and take stock of the abject evisceration of the Russian commercial aircraft fleet and airline‚Ä¶
269,2022-03-02 19:56:02+00:00,ElephantRoome,@bneeditor What are the downsides for Russia of just keeping their stock market closed?
270,2022-03-02 19:56:00+00:00,BriPerez_81,"$OG.V stock fell 4.92%, closed last trading day at $0.2900. Market cap reached 17.39M. Bearish engulfing candlestick pattern seen. #food #foodtech #plantbased #sustainable #ethical #altfood #vegan #Stockstowatch #TSXV"
271,2022-03-02 19:55:52+00:00,fess_laeda,RT @SeekingAlpha: $TDC - Teradata: Future FCF Generation And Growing Cloud Market Justify A Higher Stock Price. https://t.co/PAtIjM9qM4 #ma‚Ä¶
272,2022-03-02 19:55:49+00:00,BraydenGould,"@Nftbagger @Degen_Dinosaur Wouldn‚Äôt say so tbh, trading stocks isn‚Äôt ruining the stock market space. Just gets rid of the paper hands , so long term it is better for the project as most people holding and resisting selling for profit therefore believe in the project and are probs involved in the community."
273,2022-03-02 19:55:48+00:00,Being_indiawale,"@ANI They knew it since 2008 https://t.co/O5Ciu9mJNZ
They don't give damn whether Ukrainian survives or not all they want to isolate Russia and sell their weapons during war check their stock market how % changes for their weapons manufacturing companies."
274,2022-03-02 19:55:43+00:00,cholent_lover,@meemsaf tongue in cheek ‚Äî  idk enough abt the stock market or weapons. though I don‚Äôt think Germany‚Äôs announcement is unrelated to their commitment to help arm Ukraine right? But that was announced last week &amp; it seems there was a big press push around javelin deliveries yesterday https://t.co/Bm6ozhPTZF
275,2022-03-02 19:55:42+00:00,KPW__DC,"RT @KatiePhang: Russia‚Äôs stock market remains closed for a 3rd consecutive day.

Just delaying the inevitable. This ostrich with its head i‚Ä¶"
276,2022-03-02 19:55:41+00:00,JoseBeantown,"RT @Ryan__Rigg: Power to the retail investor. The Problem With The Stock Market. Streaming tomorrow, only on Apple TV+ ‚Äî Was that @matt_koh‚Ä¶"
277,2022-03-02 19:55:19+00:00,wil_bazz,@jec79 @Justin_Ling schr√∂dinger's stock market
278,2022-03-02 19:55:18+00:00,Britain_People,"‚ÄúI realized that this government has gone utterly mad,‚Äù said a #Moscow machine learning engineer who flew to Egypt over the weekend, fearing he might get drafted. 

His next goal: Find a job in the West.

https://t.co/SAddLqKn0t"
279,2022-03-02 19:55:17+00:00,Michelle801Ape,"RT @dlauer: Tomorrow at 8pm, @TheProblem takes on the stock market, and you can hear me talk about conflicts-of-interest, complexity and ot‚Ä¶"
280,2022-03-02 19:55:12+00:00,jamjamparty,RT @Justin_Ling: your stock market can't crash if it never opens
281,2022-03-02 19:55:07+00:00,BarbMasterson3,"RT @olex_scherba: Moscow stock market postpones the opening‚Ä¶ üòÄüòÄüòÄ

#—Ç–µ—Ä–ø–∏–º–æ—è–∫—Ä–∞—Å–∞–≤–∏—Ü–∞"
282,2022-03-02 19:55:07+00:00,RZG2020,"RT @rocketastronaut: the STOCK MARKET is a rigged casino, until the nefarious actors make it right or go to PRISON $AMC #CHOKEonTHAT"
283,2022-03-02 19:55:06+00:00,unusual_ape,"RT @rocketastronaut: the STOCK MARKET is a rigged casino, until the nefarious actors make it right or go to PRISON $AMC #CHOKEonTHAT"
284,2022-03-02 19:55:04+00:00,ihodl4u,"RT @dlauer: Tomorrow at 8pm, @TheProblem takes on the stock market, and you can hear me talk about conflicts-of-interest, complexity and ot‚Ä¶"
285,2022-03-02 19:54:57+00:00,nihilisticpillo,RT @ExistentialEnso: can't have a stock market crash if you don't have a stock market anymore https://t.co/BqNZIDo7Fl
286,2022-03-02 19:54:56+00:00,1RealWorldNews,RT @lookner: NEXTA on Telegram: Russian stock market will not open tomorrow https://t.co/6X3D3sq3vw
287,2022-03-02 19:54:55+00:00,anthony_pauls,RT @FirstSquawk: RUSSIAN CENBANK SAYS IT DECIDED TO NOT RESUME TRADING ON STOCK MARKET OF MOSCOW EXCHANGE ON WEDNESDAY
288,2022-03-02 19:54:48+00:00,USAMidwest1,"@enbl7 #PetsMatter #ZomedicaStrong
Family #investment #veterinary 
#MSCI Index enough CASH for another acquisition strong ballance sheet about 295 million dollar $ZOM

This is a heavily manipulated stock!
Kick out the hedges and the shorts stealing from #Zomedica!

Market Order BUY $ZOM"
289,2022-03-02 19:54:48+00:00,KingdomWLTH,"RT @123_INFO_USA: Wall Street rally gains steam, Dow up 700 points as traders try to shake off Ukraine-Russia conflict
#123INFO 
https://t.‚Ä¶"
290,2022-03-02 19:54:47+00:00,Yatorson_,"RT @_fels1: Given 10K, you can spend it quickly, in 10 minutes and its finished, but will take you 12 months to grow it to 20K. Why is grow‚Ä¶"
291,2022-03-02 19:54:47+00:00,TauYaDitshego,RT @Justin_Ling: your stock market can't crash if it never opens
292,2022-03-02 19:54:42+00:00,thelittlehawk,"BPA Places 3rd in Eastern Iowa Stock Market Challenge

https://t.co/ne4ztFmgBy https://t.co/te1wcPRaf3"
293,2022-03-02 19:54:34+00:00,gr_215,"@tassagency_en Wow, US stock market is up almost 700 points.  Great news!!"
294,2022-03-02 19:54:34+00:00,Buzzmoon88,RT @PeterRHann1: I just got home. Missed the earnings call. So I am not sure what to think. AMC up just 1 cent in after market? Seriously?‚Ä¶
295,2022-03-02 19:54:33+00:00,CryptoCryptoNe3,The Inverted Yield Curve and the Stock Market CRYPTO CRYPTO NEWS - https://t.co/aYqDkO1A3X https://t.co/ZRjTxADZNq
296,2022-03-02 19:54:32+00:00,moonvision0805,"RT @dlauer: Tomorrow at 8pm, @TheProblem takes on the stock market, and you can hear me talk about conflicts-of-interest, complexity and ot‚Ä¶"
297,2022-03-02 19:54:28+00:00,CotterAd,"RT @dlauer: Tomorrow at 8pm, @TheProblem takes on the stock market, and you can hear me talk about conflicts-of-interest, complexity and ot‚Ä¶"
298,2022-03-02 19:54:24+00:00,yubartina,Netflix comprar√° desarrollador de juegos Next Games - https://t.co/MrfpjdjECK
299,2022-03-02 19:54:24+00:00,digitalwlth,"RT @FinTaxBot: Wall Street rally gains steam, Dow up 700 points as traders try to shake off Ukraine-Russia conflict - Stocks were higher ea‚Ä¶"
